Q2157744,P21,Q6581097
Q2157744,P27,Q30
Q2157744,P31,Q5
Q2157744,P106,Q42603
Q2157744,P140,Q9592
Q2157744,P39,Q29182
Q2157744,P735,Q4927937
Q15998178,P31,Q5
Q15998178,P21,Q6581097
Q15998178,P735,Q4642
Q15998178,P39,Q18534408
Q15998178,P106,Q82955
Q15998178,P27,Q408
Q3454392,P19,Q340
Q3454392,P31,Q5
Q3454392,P21,Q6581097
Q3454392,P106,Q2722764
Q3454392,P106,Q245068
Q3454392,P27,Q16
Q3750209,P21,Q6581097
Q3750209,P31,Q5
Q3750209,P19,Q2028
Q3750209,P735,Q2268455
Q3750209,P27,Q38
Q3750209,P106,Q1028181
Q1714827,P21,Q6581097
Q1714827,P20,Q624524
Q1714827,P27,Q183
Q1714827,P31,Q5
Q1714827,P106,Q482980
Q1714827,P106,Q1234713
Q1714827,P735,Q629347
Q1569775,P31,Q3957
Q1569775,P31,Q15221373
Q1569775,P31,Q62049
Q1569775,P17,Q30
Q1569775,P131,Q501587
Q1569775,P1376,Q501587
Q7716068,P31,Q11424
Q7716068,P161,Q459344
Q7716068,P161,Q264004
Q7716068,P161,Q3181682
Q7716068,P161,Q7705631
Q7716068,P161,Q944296
Q7716068,P161,Q205868
Q7716068,P162,Q7823541
Q7716068,P495,Q145
Q7716068,P136,Q200092
Q7716068,P364,Q1860
Q15615094,P31,Q5
Q15615094,P21,Q6581097
Q15615094,P27,Q30
Q15615094,P735,Q605834
Q15615094,P106,Q488205
Q15615094,P1303,Q6607
Q136940,P21,Q6581097
Q136940,P54,Q1422
Q136940,P54,Q10333
Q136940,P54,Q2693
Q136940,P54,Q8639
Q136940,P54,Q180305
Q136940,P54,Q167615
Q136940,P54,Q6641
Q136940,P54,Q2074
Q136940,P54,Q2609
Q136940,P106,Q937857
Q136940,P106,Q2066131
Q136940,P27,Q38
Q136940,P19,Q220
Q136940,P31,Q5
Q136940,P735,Q17520955
Q136940,P641,Q2736
Q2443418,P21,Q6581097
Q2443418,P31,Q5
Q2443418,P106,Q82955
Q2443418,P106,Q482980
Q2443418,P106,Q1930187
Q2443418,P27,Q33
Q2443418,P39,Q17592486
Q2443418,P20,Q649
Q2443418,P735,Q14508216
Q1372599,P21,Q6581097
Q1372599,P31,Q5
Q1372599,P106,Q3014296
Q1372599,P19,Q48320
Q1372599,P27,Q17
Q1372599,P734,Q421683
Q2568410,P106,Q937857
Q2568410,P21,Q6581097
Q2568410,P27,Q41
Q2568410,P172,Q539051
Q2568410,P31,Q5
Q2568410,P19,Q58976
Q2568410,P54,Q19628
Q2568410,P54,Q460494
Q2568410,P54,Q134925
Q2568410,P54,Q219926
Q2568410,P735,Q18978312
Q3750669,P19,Q490
Q3750669,P21,Q6581097
Q3750669,P31,Q5
Q3750669,P735,Q2268455
Q3750669,P27,Q38
Q3750669,P106,Q488205
Q156199,P910,Q18674621
Q156199,P31,Q7275
Q156199,P35,Q77233
Q156199,P155,Q693562
Q156199,P156,Q153015
Q156199,P1343,Q678259
Q5957657,P31,Q7889
Q5957657,P404,Q209075
Q5957657,P404,Q208850
Q5957657,P136,Q868217
Q5957657,P123,Q601299
Q5957657,P86,Q6964549
Q5957657,P400,Q183259
Q14192352,P31,Q5
Q14192352,P21,Q6581097
Q14192352,P27,Q183
Q14192352,P166,Q10905380
Q14192352,P166,Q445673
Q14192352,P735,Q1158570
Q14192352,P106,Q201788
Q14192352,P106,Q36180
Q19648174,P31,Q571
Q19648174,P31,Q1004
Q19648174,P361,Q1035139
Q19648174,P50,Q3806796
Q19648174,P364,Q7979
Q19648174,P136,Q193606
Q19648174,P921,Q154430
Q19648174,P674,Q2663841
Q381088,P21,Q6581097
Q381088,P19,Q849330
Q381088,P20,Q851020
Q381088,P27,Q29
Q381088,P31,Q5
Q381088,P106,Q5322166
Q381088,P735,Q18220000
Q640904,P21,Q6581097
Q640904,P54,Q849544
Q640904,P54,Q1423718
Q640904,P54,Q113000
Q640904,P54,Q216032
Q640904,P54,Q24680
Q640904,P54,Q646079
Q640904,P106,Q937857
Q640904,P31,Q5
Q640904,P27,Q31
Q640904,P19,Q528222
Q640904,P735,Q605834
Q640904,P641,Q2736
Q2833366,P119,Q272208
Q2833366,P21,Q6581097
Q2833366,P31,Q5
Q2833366,P27,Q142
Q2833366,P106,Q483501
Q2833366,P735,Q16002466
Q12200303,P31,Q5
Q12200303,P19,Q1082492
Q12200303,P106,Q33999
Q12200303,P106,Q2405480
Q12200303,P21,Q6581097
Q12200303,P27,Q30
Q12200303,P69,Q1179603
Q12200303,P735,Q19803513
Q670890,P466,Q164177
Q670890,P631,Q7668854
Q670890,P84,Q6530296
Q670890,P131,Q16556
Q670890,P31,Q811979
Q670890,P17,Q30
Q245676,P106,Q937857
Q245676,P21,Q6581097
Q245676,P31,Q5
Q245676,P19,Q2280
Q245676,P27,Q184
Q245676,P735,Q19412810
Q7472775,P196,Q2179
Q7472775,P61,Q735603
Q7472775,P65,Q3138607
Q7472775,P155,Q7472772
Q7472775,P156,Q7472777
Q7472775,P31,Q3863
Q1599626,P21,Q6581097
Q1599626,P19,Q9300
Q1599626,P27,Q183
Q1599626,P31,Q5
Q1599626,P735,Q2018484
Q1599626,P166,Q18579597
Q1599626,P607,Q46083
Q3487228,P106,Q33999
Q3487228,P106,Q28389
Q3487228,P106,Q49757
Q3487228,P106,Q214917
Q3487228,P106,Q333634
Q3487228,P106,Q36180
Q3487228,P106,Q3387717
Q3487228,P27,Q55
Q3487228,P21,Q6581097
Q3487228,P31,Q5
Q3487228,P19,Q34370
Q3487228,P735,Q19813143
Q9030535,P31,Q5
Q9030535,P106,Q42973
Q9030535,P21,Q6581072
Q9030535,P735,Q16282809
Q9030535,P166,Q3395034
Q9030535,P69,Q860076
Q1551229,P21,Q6581097
Q1551229,P106,Q937857
Q1551229,P106,Q2066131
Q1551229,P27,Q36
Q1551229,P31,Q5
Q1551229,P735,Q1551188
Q2284972,P21,Q6581097
Q2284972,P106,Q1028181
Q2284972,P7,Q49987
Q2284972,P19,Q2749
Q2284972,P20,Q70
Q2284972,P31,Q5
Q2284972,P27,Q183
Q2284972,P735,Q905954
Q2284972,P1343,Q15089621
Q11988266,P21,Q6581072
Q11988266,P31,Q5
Q11988266,P27,Q20
Q11988266,P106,Q2526255
Q11988266,P106,Q28389
Q11988266,P735,Q632104
Q16267077,P123,Q1049502
Q16267077,P179,Q11329570
Q16267077,P136,Q868217
Q16267077,P400,Q1057377
Q16267077,P178,Q1049502
Q16267077,P31,Q7889
Q5052581,P31,Q5
Q5052581,P21,Q6581072
Q5052581,P69,Q432637
Q5052581,P106,Q36180
Q5052581,P735,Q2218095
Q5052581,P119,Q7354368
Q917712,P31,Q264806
Q917712,P155,Q1827588
Q917712,P156,Q693648
Q917712,P527,Q13387879
Q917712,P527,Q15490538
Q917712,P910,Q8197698
Q917712,P641,Q847
Q6639575,P196,Q2179
Q6639575,P61,Q1165635
Q6639575,P65,Q2446595
Q6639575,P155,Q6639552
Q6639575,P156,Q6639247
Q6639575,P31,Q3863
Q1913641,P21,Q6581097
Q1913641,P19,Q8939
Q1913641,P27,Q183
Q1913641,P31,Q5
Q1913641,P735,Q16735927
Q1913641,P106,Q36180
Q2958066,P19,Q6397
Q2958066,P31,Q5
Q2958066,P39,Q3044918
Q2958066,P27,Q142
Q2958066,P21,Q6581097
Q2958066,P106,Q82955
Q2958066,P1412,Q150
Q2958066,P735,Q5074730
Q2278023,P27,Q55
Q2278023,P106,Q10871364
Q2278023,P31,Q5
Q2278023,P21,Q6581097
Q2278023,P734,Q403433
Q2278023,P1344,Q8567
Q2278023,P1344,Q8558
Q2278023,P19,Q727
Q2278023,P735,Q19801652
Q16007675,P31,Q5
Q16007675,P21,Q6581097
Q16007675,P106,Q806349
Q16007675,P106,Q158852
Q16007675,P735,Q18609792
Q16007675,P27,Q30
Q16007675,P734,Q1605060
Q127381,P21,Q6581097
Q127381,P19,Q84
Q127381,P27,Q145
Q127381,P31,Q5
Q127381,P106,Q1979607
Q127381,P106,Q639669
Q127381,P106,Q806798
Q127381,P166,Q12201477
Q127381,P735,Q1076652
Q127381,P22,Q13530034
Q127381,P53,Q159386
Q3082841,P102,Q138345
Q3082841,P31,Q5
Q3082841,P21,Q6581097
Q3082841,P27,Q16
Q3082841,P39,Q15964890
Q3082841,P106,Q82955
Q3082841,P735,Q220546
Q3082841,P69,Q1144262
Q3770243,P31,Q5
Q3770243,P21,Q6581097
Q3770243,P19,Q59275
Q3770243,P735,Q15720844
Q3770243,P27,Q38
Q3770243,P106,Q37226
Q3770243,P20,Q220
Q2130457,P106,Q937857
Q2130457,P31,Q5
Q2130457,P27,Q114
Q2130457,P21,Q6581097
Q2130457,P54,Q216032
Q2130457,P641,Q2736
Q2130457,P735,Q20000183
Q5505362,P31,Q571
Q5505362,P364,Q1860
Q5505362,P123,Q3067003
Q5505362,P123,Q1251563
Q5505362,P136,Q112983
Q5505362,P50,Q310950
Q14949572,P69,Q180865
Q14949572,P21,Q6581097
Q14949572,P31,Q5
Q14949572,P108,Q193727
Q14949572,P735,Q1249148
Q14949572,P27,Q30
Q18202260,P31,Q5
Q18202260,P21,Q6581097
Q18202260,P735,Q499249
Q18202260,P102,Q7320
Q18202260,P463,Q44687
Q18202260,P106,Q1622272
Q18202260,P607,Q361
Q2574282,P21,Q6581097
Q2574282,P19,Q631479
Q2574282,P27,Q183
Q2574282,P31,Q5
Q2574282,P106,Q36834
Q2574282,P735,Q11027623
Q2847450,P31,Q5
Q2847450,P21,Q6581097
Q2847450,P27,Q142
Q2847450,P106,Q49757
Q2847450,P1412,Q150
Q2847450,P735,Q6298851
Q15456195,P31,Q5
Q15456195,P106,Q170790
Q15456195,P21,Q6581097
Q15456195,P27,Q183
Q15456195,P108,Q700758
Q15456195,P735,Q19828532
Q239366,P21,Q6581072
Q239366,P27,Q30
Q239366,P102,Q29552
Q239366,P69,Q219563
Q239366,P31,Q5
Q239366,P19,Q372304
Q239366,P735,Q2087646
Q239366,P106,Q40348
Q4300401,P21,Q6581097
Q4300401,P31,Q5
Q4300401,P512,Q17281079
Q4300401,P166,Q728960
Q4300401,P166,Q18080423
Q4300401,P463,Q83172
Q4300401,P463,Q2370801
Q4300401,P27,Q159
Q1060210,P25,Q165113
Q1060210,P22,Q464626
Q1060210,P21,Q6581097
Q1060210,P31,Q5
Q1060210,P40,Q3442879
Q1060210,P53,Q112707
Q1060210,P19,Q656
Q1060210,P20,Q39984
Q1060210,P735,Q2167906
Q1060210,P7,Q1019229
Q1060210,P7,Q277611
Q1060210,P7,Q428885
Q1060210,P7,Q764785
Q1060210,P7,Q961833
Q1060210,P9,Q234230
Q2353716,P106,Q674426
Q2353716,P106,Q2374149
Q2353716,P21,Q6581097
Q2353716,P31,Q5
Q2353716,P27,Q145
Q2353716,P735,Q2958359
Q2353716,P19,Q23109
Q3170487,P21,Q6581097
Q3170487,P166,Q13452531
Q3170487,P31,Q5
Q3170487,P19,Q90
Q3170487,P20,Q90
Q3170487,P27,Q142
Q3170487,P106,Q2490358
Q3170487,P735,Q7521081
Q17456284,P31,Q89794
Q17456284,P17,Q55
Q17456284,P131,Q10076
Q17456284,P1435,Q916333
Q17456284,P361,Q18767845
Q17456284,P276,Q52101
Q3529997,P27,Q38
Q3529997,P19,Q220
Q3529997,P21,Q6581072
Q3529997,P31,Q5
Q3529997,P106,Q177220
Q3529997,P106,Q33999
Q3529997,P735,Q20000456
Q10311713,P106,Q937857
Q10311713,P31,Q5
Q10311713,P21,Q6581097
Q10311713,P27,Q155
Q10311713,P735,Q16916120
Q10311713,P20,Q42800
Q245760,P17,Q148
Q245760,P131,Q58584
Q245760,P150,Q11073483
Q245760,P150,Q13821756
Q245760,P150,Q10933702
Q245760,P150,Q13822155
Q245760,P150,Q10909324
Q245760,P150,Q13822414
Q245760,P150,Q10880584
Q245760,P150,Q13822578
Q245760,P150,Q13822702
Q245760,P150,Q13822801
Q245760,P150,Q13822874
Q245760,P150,Q10928824
Q245760,P150,Q10897346
Q245760,P31,Q1065118
Q654135,P106,Q937857
Q654135,P31,Q5
Q654135,P21,Q6581097
Q654135,P19,Q200733
Q654135,P27,Q36704
Q654135,P641,Q2736
Q654135,P1344,Q131075
Q654135,P735,Q16877009
Q434354,P21,Q6581072
Q434354,P54,Q419974
Q434354,P54,Q1775265
Q434354,P54,Q847113
Q434354,P106,Q937857
Q434354,P31,Q5
Q434354,P19,Q84
Q434354,P27,Q145
Q434354,P735,Q6081128
Q434354,P641,Q2736
Q434354,P1344,Q8577
Q3439224,P19,Q256004
Q3439224,P21,Q6581097
Q3439224,P31,Q5
Q3439224,P106,Q33999
Q3439224,P27,Q142
Q3439224,P735,Q4925304
Q3143586,P19,Q163795
Q3143586,P166,Q10855216
Q3143586,P166,Q11593470
Q3143586,P31,Q5
Q3143586,P20,Q90
Q3143586,P21,Q6581097
Q3143586,P27,Q142
Q3143586,P735,Q3143564
Q10379729,P106,Q36180
Q10379729,P21,Q6581097
Q10379729,P31,Q5
Q10379729,P19,Q1085
Q10379729,P91,Q6636
Q10379729,P27,Q213
Q10379729,P735,Q347181
Q664415,P910,Q9095462
Q664415,P17,Q37
Q664415,P131,Q188659
Q664415,P31,Q17301072
Q664415,P1464,Q8054085
Q664415,P1465,Q18667515
Q664415,P1792,Q7913901
Q11124186,P31,Q5
Q11124186,P106,Q82955
Q11124186,P21,Q6581097
Q11124186,P735,Q13564349
Q11124186,P39,Q18887908
Q11124186,P27,Q55
Q11124186,P19,Q25390
Q896861,P31,Q571
Q896861,P31,Q169930
Q896861,P179,Q815739
Q896861,P50,Q2820084
Q896861,P123,Q7206385
Q896861,P364,Q1860
Q896861,P144,Q741716
Q896861,P136,Q132311
Q896861,P136,Q1057172
Q4856919,P193,Q7658475
Q4856919,P466,Q7618246
Q4856919,P84,Q3123324
Q4856919,P131,Q49240
Q4856919,P127,Q49240
Q4856919,P17,Q30
Q4856919,P31,Q1076486
Q69916,P25,Q64207
Q69916,P22,Q61447
Q69916,P21,Q6581097
Q69916,P40,Q433341
Q69916,P40,Q2122623
Q69916,P26,Q6480979
Q69916,P19,Q6986
Q69916,P20,Q520088
Q69916,P27,Q183
Q69916,P31,Q5
Q69916,P53,Q675085
Q69916,P735,Q1158906
Q15635377,P31,Q5
Q15635377,P21,Q6581072
Q15635377,P22,Q264630
Q15635377,P40,Q93479
Q15635377,P735,Q18219112
Q15635377,P9,Q56189
Q944365,P21,Q6581097
Q944365,P31,Q5
Q944365,P910,Q15305342
Q944365,P27,Q1033
Q944365,P172,Q190168
Q944365,P106,Q177220
Q2085750,P106,Q177220
Q2085750,P106,Q10873124
Q2085750,P27,Q55
Q2085750,P31,Q5
Q2085750,P19,Q55
Q2085750,P21,Q6581097
Q2085750,P735,Q16277210
Q2085750,P69,Q633529
Q8054448,P31,Q5
Q8054448,P166,Q616568
Q8054448,P21,Q6581097
Q8054448,P119,Q12404547
Q8054448,P106,Q201788
Q8054448,P735,Q17053888
Q198106,P131,Q1794
Q198106,P131,Q1199
Q198106,P31,Q16970
Q198106,P31,Q358
Q198106,P31,Q19860854
Q198106,P84,Q97133
Q198106,P17,Q183
Q198106,P149,Q54111
Q4069886,P21,Q6581097
Q4069886,P31,Q5
Q4069886,P19,Q656
Q4069886,P27,Q15180
Q4069886,P27,Q159
Q4069886,P106,Q4853732
Q4069886,P735,Q2253934
Q3174137,P106,Q1930187
Q3174137,P19,Q141921
Q3174137,P21,Q6581097
Q3174137,P31,Q5
Q3174137,P69,Q1067935
Q3174137,P106,Q40348
Q3174137,P106,Q82955
Q3174137,P102,Q1631384
Q3174137,P27,Q16
Q3174137,P20,Q340
Q3174137,P735,Q7521081
Q3174137,P39,Q3305338
Q209836,P106,Q937857
Q209836,P31,Q5
Q209836,P21,Q6581097
Q209836,P19,Q9248
Q209836,P27,Q227
Q209836,P735,Q2131917
Q3201610,P31,Q11424
Q3201610,P57,Q3439408
Q3201610,P58,Q236630
Q3201610,P58,Q3103663
Q3201610,P161,Q2851649
Q3201610,P161,Q518966
Q3201610,P161,Q3171608
Q3201610,P161,Q2853638
Q3201610,P161,Q2965007
Q3201610,P161,Q2994890
Q3201610,P161,Q3014311
Q3201610,P161,Q3104719
Q3201610,P161,Q3270454
Q3201610,P161,Q3288452
Q3201610,P161,Q3288609
Q3201610,P161,Q3380649
Q3201610,P161,Q3440596
Q3201610,P495,Q142
Q6242836,P21,Q6581097
Q6242836,P607,Q361
Q6242836,P31,Q5
Q6242836,P241,Q222595
Q6242836,P166,Q12201378
Q6242836,P166,Q12177472
Q6242836,P166,Q615838
Q6242836,P166,Q12177413
Q6242836,P735,Q4925477
Q6242836,P27,Q145
Q6242836,P106,Q47064
Q7441164,P69,Q235034
Q7441164,P102,Q29552
Q7441164,P31,Q5
Q7441164,P21,Q6581097
Q7441164,P27,Q30
Q7441164,P39,Q18199902
Q7441164,P106,Q82955
Q7441164,P735,Q19801202
Q3170182,P69,Q1878600
Q3170182,P69,Q273570
Q3170182,P21,Q6581097
Q3170182,P31,Q5
Q3170182,P27,Q142
Q3170182,P735,Q6170029
Q7966359,P31,Q5
Q7966359,P21,Q6581097
Q7966359,P27,Q30
Q7966359,P735,Q499249
Q7966359,P106,Q82955
Q7966359,P39,Q19690441
Q6262332,P21,Q6581097
Q6262332,P106,Q185351
Q6262332,P106,Q40348
Q6262332,P106,Q16533
Q6262332,P27,Q30
Q6262332,P31,Q5
Q6262332,P735,Q4925477
Q880092,P31,Q571
Q880092,P50,Q258741
Q880092,P123,Q6161111
Q880092,P364,Q1860
Q880092,P136,Q8261
Q880092,P840,Q21
Q880092,P910,Q16660015
Q15453495,P31,Q5
Q15453495,P21,Q6581097
Q15453495,P106,Q212980
Q15453495,P27,Q30
Q15453495,P735,Q471788
Q15453495,P69,Q230492
Q1604266,P21,Q6581097
Q1604266,P19,Q1731
Q1604266,P20,Q389985
Q1604266,P27,Q183
Q1604266,P31,Q5
Q1604266,P735,Q18191106
Q1604266,P106,Q639669
Q1604266,P106,Q14915627
Q1604266,P106,Q765778
Q84316,P21,Q6581097
Q84316,P27,Q183
Q84316,P31,Q5
Q84316,P20,Q66865
Q84316,P106,Q831474
Q84316,P735,Q1441346
Q18537008,P31,Q5
Q18537008,P21,Q6581072
Q18537008,P735,Q385468
Q18537008,P106,Q14467526
Q18537008,P106,Q6625963
Q18537008,P106,Q49757
Q18537008,P19,Q880861
Q1448751,P21,Q6581097
Q1448751,P31,Q5
Q1448751,P27,Q183
Q1448751,P735,Q4925932
Q1448751,P19,Q2079
Q1448751,P937,Q2079
Q1448751,P106,Q185351
Q451150,P21,Q6581072
Q451150,P27,Q30
Q451150,P69,Q52413
Q451150,P69,Q7895581
Q451150,P102,Q29468
Q451150,P31,Q5
Q451150,P19,Q49266
Q451150,P106,Q188094
Q451150,P106,Q1255921
Q451150,P106,Q140686
Q451150,P735,Q18224611
Q451150,P108,Q15142
Q451150,P166,Q219070
Q17611734,P31,Q41176
Q17611734,P17,Q55
Q17611734,P131,Q972
Q17611734,P1435,Q916333
Q17611734,P276,Q16977290
Q17611734,P669,Q19633084
Q14627548,P17,Q142
Q14627548,P131,Q184154
Q14627548,P1435,Q10387575
Q14627548,P1435,Q10387684
Q14627548,P1435,Q10387575
Q14627548,P1435,Q10387575
Q14627548,P527,Q3398896
Q14627548,P31,Q16748868
Q7931448,P31,Q5
Q7931448,P19,Q60
Q7931448,P21,Q6581097
Q7931448,P27,Q30
Q7931448,P106,Q1930187
Q7931448,P69,Q168756
Q7931448,P735,Q19825033
Q1247338,P21,Q6581097
Q1247338,P19,Q25607
Q1247338,P20,Q64865
Q1247338,P31,Q5
Q1247338,P27,Q39
Q1247338,P106,Q131524
Q1247338,P106,Q215536
Q1247338,P735,Q746076
Q1448593,P21,Q6581097
Q1448593,P19,Q2966
Q1448593,P27,Q183
Q1448593,P31,Q5
Q1448593,P735,Q4925932
Q1448593,P39,Q514725
Q1675942,P27,Q34266
Q1675942,P27,Q15180
Q1675942,P21,Q6581097
Q1675942,P19,Q908
Q1675942,P31,Q5
Q1675942,P463,Q1425328
Q1675942,P463,Q2370801
Q1675942,P69,Q13164
Q1675942,P512,Q17281084
Q1675942,P106,Q4964182
Q1675942,P735,Q830350
Q220365,P31,Q7889
Q220365,P404,Q209075
Q220365,P404,Q208850
Q220365,P400,Q170323
Q220365,P400,Q188642
Q220365,P400,Q48263
Q220365,P400,Q132020
Q220365,P400,Q10680
Q220365,P400,Q1406
Q220365,P400,Q170325
Q220365,P400,Q10683
Q220365,P400,Q182172
Q220365,P908,Q14915515
Q220365,P908,Q14915512
Q220365,P914,Q14920392
Q220365,P914,Q14920391
Q220365,P914,Q14920387
Q220365,P408,Q4037771
Q220365,P123,Q173941
Q220365,P179,Q55679
Q220365,P437,Q2270470
Q220365,P136,Q860750
Q220365,P178,Q2373062
Q220365,P852,Q14864330
Q220365,P853,Q14870286
Q7615583,P31,Q5
Q7615583,P21,Q6581097
Q7615583,P106,Q14373094
Q7615583,P54,Q6670780
Q7615583,P54,Q7085655
Q7615583,P735,Q20680397
Q1430737,P21,Q6581097
Q1430737,P31,Q5
Q1430737,P27,Q183
Q1430737,P19,Q57996
Q1430737,P735,Q18924871
Q1430737,P106,Q2306091
Q2830987,P20,Q90
Q2830987,P19,Q90
Q2830987,P21,Q6581097
Q2830987,P31,Q5
Q2830987,P27,Q142
Q2830987,P106,Q33999
Q2830987,P735,Q577011
Q4800239,P31,Q5
Q4800239,P21,Q6581097
Q4800239,P106,Q201330
Q4800239,P106,Q2066131
Q4800239,P106,Q937857
Q4800239,P735,Q1778168
Q4800239,P54,Q19467
Q4800239,P19,Q3130
Q4800239,P27,Q145
Q14034445,P17,Q148
Q14034445,P131,Q703818
Q14034445,P150,Q14034444
Q14034445,P150,Q14034449
Q14034445,P150,Q14034451
Q14034445,P150,Q14034455
Q14034445,P150,Q14034457
Q14034445,P150,Q14034459
Q14034445,P150,Q14034462
Q14034445,P150,Q14034464
Q14034445,P150,Q14034469
Q14034445,P150,Q14034471
Q14034445,P150,Q14034474
Q14034445,P150,Q14034476
Q14034445,P150,Q14034480
Q14034445,P150,Q14034482
Q14034445,P150,Q14034485
Q14034445,P150,Q14034487
Q14034445,P150,Q14034489
Q14034445,P150,Q14034492
Q14034445,P150,Q14034495
Q14034445,P150,Q14034497
Q14034445,P150,Q14034500
Q14034445,P150,Q14034502
Q14034445,P150,Q14034505
Q14034445,P150,Q14034508
Q14034445,P150,Q14034511
Q14034445,P150,Q14034513
Q14034445,P150,Q14034515
Q14034445,P150,Q14034518
Q14034445,P150,Q14034521
Q14034445,P150,Q14034524
Q14034445,P150,Q14034526
Q14034445,P150,Q14034528
Q14034445,P150,Q14034531
Q14034445,P150,Q14034535
Q14034445,P150,Q14034538
Q14034445,P150,Q14034540
Q14034445,P150,Q14034542
Q14034445,P150,Q14034546
Q14034445,P150,Q14034549
Q14034445,P150,Q14034552
Q14034445,P150,Q14034554
Q14034445,P150,Q14034557
Q14034445,P150,Q14034560
Q14034445,P150,Q14034563
Q14034445,P150,Q14034565
Q14034445,P150,Q14034568
Q14034445,P150,Q14034571
Q14034445,P150,Q14034575
Q14034445,P150,Q14034577
Q14034445,P150,Q14034578
Q14034445,P150,Q14034581
Q14034445,P150,Q14034584
Q14034445,P150,Q14034586
Q14034445,P150,Q14034589
Q14034445,P150,Q14034591
Q14034445,P150,Q14034593
Q14034445,P150,Q14034597
Q14034445,P150,Q14034600
Q14034445,P150,Q14034602
Q14034445,P150,Q14034604
Q14034445,P150,Q14034608
Q14034445,P150,Q14034610
Q14034445,P150,Q14034614
Q14034445,P150,Q14034616
Q14034445,P150,Q14034619
Q14034445,P150,Q14034622
Q14034445,P150,Q14034625
Q14034445,P150,Q14034628
Q14034445,P150,Q14034630
Q14034445,P150,Q14034633
Q14034445,P150,Q14034636
Q14034445,P150,Q14034639
Q14034445,P150,Q14034641
Q14034445,P150,Q14034644
Q14034445,P150,Q14034647
Q14034445,P31,Q735428
Q1905284,P106,Q82955
Q1905284,P21,Q6581097
Q1905284,P31,Q5
Q1905284,P27,Q183
Q1905284,P102,Q13124
Q1905284,P102,Q13129
Q1905284,P735,Q18002399
Q1905284,P39,Q19360355
Q3639167,P31,Q5
Q3639167,P21,Q6581097
Q3639167,P19,Q13144
Q3639167,P20,Q13144
Q3639167,P735,Q513286
Q3639167,P27,Q38
Q3639167,P106,Q1028181
Q3364062,P31,Q5
Q3364062,P21,Q6581097
Q3364062,P1344,Q8470
Q3364062,P1344,Q8456
Q3364062,P27,Q884
Q3364062,P106,Q13365117
Q1648127,P21,Q6581097
Q1648127,P31,Q5
Q1648127,P27,Q183
Q1648127,P106,Q1930187
Q1648127,P106,Q482980
Q1648127,P19,Q586
Q1648127,P735,Q18924871
Q4819157,P31,Q5
Q4819157,P19,Q845015
Q4819157,P69,Q160302
Q4819157,P69,Q193196
Q4819157,P69,Q82513
Q4819157,P166,Q10762848
Q4819157,P21,Q6581097
Q4819157,P27,Q145
Q4819157,P106,Q350979
Q4819157,P735,Q19672745
Q17596376,P31,Q1021645
Q17596376,P17,Q55
Q17596376,P131,Q1101
Q17596376,P131,Q9857
Q17596376,P1435,Q916333
Q17596376,P361,Q18772673
Q17596376,P276,Q3299324
Q6290096,P31,Q5
Q6290096,P21,Q6581097
Q6290096,P735,Q3284319
Q6290096,P172,Q190168
Q6290096,P39,Q19670906
Q6290096,P27,Q1033
Q6290096,P106,Q82955
Q3591326,P31,Q5
Q3591326,P21,Q6581097
Q3591326,P735,Q18066790
Q3591326,P27,Q16
Q3591326,P106,Q11774891
Q3591326,P54,Q664732
Q3591326,P54,Q1170911
Q3591326,P54,Q540645
Q6243852,P31,Q5
Q6243852,P21,Q6581097
Q6243852,P106,Q10871364
Q6243852,P735,Q4925477
Q6243852,P54,Q653772
Q6243852,P27,Q30
Q5984289,P31,Q5
Q5984289,P21,Q6581097
Q5984289,P1412,Q7026
Q5984289,P1412,Q1321
Q5984289,P735,Q2598693
Q5984289,P106,Q36180
Q1049877,P31,Q482994
Q1049877,P175,Q726891
Q1049877,P264,Q1470264
Q1049877,P155,Q5434132
Q1049877,P155,Q2928599
Q1049877,P156,Q2266806
Q1170891,P21,Q6581097
Q1170891,P19,Q165195
Q1170891,P20,Q2973
Q1170891,P31,Q5
Q1170891,P106,Q765778
Q1170891,P106,Q36834
Q1170891,P735,Q16746939
Q1170891,P27,Q183
Q1170891,P135,Q8361
Q1767275,P31,Q5
Q1767275,P21,Q6581097
Q1767275,P19,Q504587
Q1767275,P27,Q155
Q1767275,P106,Q5137571
Q1767275,P106,Q3665646
Q1767275,P641,Q5372
Q1767275,P1344,Q8438
Q1767275,P1344,Q8429
Q1767275,P735,Q19830666
Q11480236,P31,Q5
Q11480236,P735,Q5770364
Q11480236,P734,Q16870954
Q11480236,P19,Q11751
Q11480236,P106,Q1371925
Q11480236,P21,Q6581072
Q11480236,P27,Q17
Q15969726,P31,Q5
Q15969726,P21,Q6581097
Q15969726,P735,Q1166840
Q15969726,P800,Q17495759
Q15969726,P19,Q235739
Q15969726,P20,Q235739
Q15969726,P27,Q142
Q15969726,P106,Q42973
Q5878724,P31,Q5
Q5878724,P21,Q6581097
Q5878724,P140,Q432
Q5878724,P140,Q9585
Q5878724,P106,Q4964182
Q5878724,P27,Q794
Q430783,P21,Q6581097
Q430783,P31,Q5
Q430783,P106,Q1028181
Q430783,P27,Q55
Q430783,P19,Q43631
Q430783,P20,Q727
Q430783,P735,Q13564349
Q430783,P1343,Q7737966
Q430783,P1343,Q678259
Q430783,P1343,Q2283753
Q430783,P1343,Q15089621
Q430783,P1343,Q16169047
Q430783,P1343,Q15955936
Q430783,P800,Q18574075
Q15119442,P31,Q5
Q15119442,P21,Q6581097
Q15119442,P19,Q48256
Q15119442,P27,Q212
Q15119442,P106,Q3665646
Q15119442,P735,Q18216059
Q3617839,P31,Q5
Q3617839,P21,Q6581072
Q3617839,P19,Q1449
Q3617839,P20,Q220
Q3617839,P735,Q666578
Q3617839,P27,Q38
Q1916283,P22,Q2127891
Q1916283,P21,Q6581097
Q1916283,P40,Q2349188
Q1916283,P31,Q5
Q1916283,P735,Q18081397
Q1916283,P7,Q1926998
Q6114312,P21,Q6581097
Q6114312,P31,Q5
Q6114312,P106,Q12299841
Q6114312,P27,Q664
Q6114312,P69,Q1976962
Q6114312,P735,Q1159009
Q2429078,P21,Q6581097
Q2429078,P31,Q5
Q2429078,P27,Q183
Q2429078,P108,Q156737
Q2429078,P19,Q2833
Q2429078,P106,Q16267607
Q2429078,P937,Q1726
Q2429078,P937,Q1707
Q2429078,P735,Q19688775
Q313531,P21,Q6581097
Q313531,P19,Q1335
Q313531,P20,Q1335
Q313531,P27,Q77
Q313531,P39,Q4524807
Q313531,P39,Q19930721
Q313531,P40,Q926984
Q313531,P106,Q82955
Q313531,P22,Q5290348
Q313531,P102,Q1430823
Q313531,P31,Q5
Q313531,P1399,Q132821
Q313531,P735,Q475210
Q17449146,P31,Q3947
Q17449146,P17,Q55
Q17449146,P131,Q9978
Q17449146,P1435,Q916333
Q17449146,P276,Q211260
Q17449146,P669,Q19651272
Q4704776,P19,Q4998778
Q4704776,P20,Q49236
Q4704776,P607,Q362
Q4704776,P607,Q1414998
Q4704776,P31,Q5
Q4704776,P21,Q6581097
Q4704776,P27,Q30
Q4704776,P166,Q145752
Q4704776,P735,Q18916867
Q4704776,P119,Q216344
Q4704776,P734,Q19832333
Q8001976,P69,Q745967
Q8001976,P69,Q3417076
Q8001976,P31,Q5
Q8001976,P21,Q6581097
Q8001976,P106,Q42603
Q8001976,P140,Q6423963
Q8001976,P735,Q18176270
Q4756946,P21,Q6581097
Q4756946,P31,Q5
Q4756946,P69,Q160302
Q4756946,P108,Q201492
Q4756946,P735,Q18042461
Q4756946,P734,Q1762298
Q786032,P910,Q8863438
Q786032,P17,Q145
Q786032,P527,Q7833148
Q786032,P527,Q7833150
Q786032,P527,Q7833152
Q786032,P527,Q3825811
Q786032,P31,Q1268865
Q6211749,P106,Q11607585
Q6211749,P463,Q6851635
Q6211749,P19,Q26887
Q6211749,P31,Q5
Q6211749,P21,Q6581097
Q6211749,P735,Q17862013
Q5041832,P21,Q6581097
Q5041832,P31,Q5
Q5041832,P106,Q10871364
Q5041832,P735,Q364753
Q5041832,P54,Q653772
Q5041832,P27,Q30
Q273012,P17,Q142
Q273012,P131,Q1709994
Q273012,P131,Q3113
Q273012,P31,Q484170
Q273012,P47,Q662229
Q273012,P47,Q262839
Q273012,P47,Q849165
Q273012,P47,Q865578
Q273012,P47,Q865803
Q273012,P47,Q272980
Q1037957,P31,Q928830
Q1037957,P81,Q748987
Q1037957,P81,Q680973
Q1037957,P131,Q30138
Q1037957,P197,Q842064
Q1037957,P197,Q842140
Q1037957,P197,Q5506924
Q1037957,P197,Q5071746
Q1037957,P17,Q148
Q1037957,P361,Q235319
Q17399587,P31,Q5
Q17399587,P21,Q6581072
Q17399587,P19,Q628
Q17399587,P27,Q38
Q17399587,P106,Q15117302
Q17399587,P735,Q18186517
Q4889852,P21,Q6581097
Q4889852,P19,Q49191
Q4889852,P31,Q5
Q4889852,P20,Q49191
Q4889852,P69,Q13371
Q4889852,P27,Q30
Q4889852,P106,Q82955
Q17598329,P17,Q55
Q17598329,P131,Q9781
Q17598329,P1435,Q916333
Q17598329,P361,Q18773354
Q17598329,P276,Q73022
Q17598329,P669,Q18932941
Q2387382,P27,Q142
Q2387382,P21,Q6581097
Q2387382,P31,Q5
Q2387382,P106,Q13415036
Q2387382,P54,Q596985
Q2387382,P54,Q1782908
Q3877892,P144,Q124362
Q3877892,P31,Q3305213
Q3877892,P195,Q3905124
Q3877892,P170,Q7799
Q3877892,P136,Q2414609
Q3877892,P180,Q63070
Q3877892,P180,Q467
Q3877892,P180,Q14130
Q3877892,P180,Q302
Q3877892,P180,Q8441
Q2399157,P31,Q5
Q2399157,P21,Q6581072
Q2399157,P27,Q142
Q2399157,P735,Q264002
Q2399157,P106,Q36834
Q2399157,P135,Q9730
Q4757890,P54,Q771228
Q4757890,P54,Q1142391
Q4757890,P54,Q570256
Q4757890,P106,Q937857
Q4757890,P21,Q6581097
Q4757890,P31,Q5
Q4757890,P735,Q18042461
Q4757890,P641,Q2736
Q4757890,P27,Q30
Q16597239,P31,Q5
Q16597239,P21,Q6581097
Q16597239,P19,Q220
Q16597239,P27,Q38
Q16597239,P106,Q36834
Q16597239,P735,Q15905580
Q3765447,P21,Q6581097
Q3765447,P31,Q5
Q3765447,P19,Q1647
Q3765447,P735,Q13361689
Q3765447,P27,Q38
Q3765447,P106,Q33999
Q11173351,P17,Q148
Q11173351,P131,Q1337926
Q11173351,P150,Q14390410
Q11173351,P150,Q14390414
Q11173351,P150,Q14390416
Q11173351,P150,Q14390418
Q11173351,P150,Q14390420
Q11173351,P150,Q14390423
Q11173351,P150,Q14390424
Q11173351,P150,Q14390426
Q11173351,P150,Q14390428
Q11173351,P150,Q14390430
Q11173351,P150,Q14390432
Q11173351,P150,Q14390434
Q11173351,P150,Q14390437
Q11173351,P150,Q14390439
Q11173351,P150,Q14390441
Q11173351,P150,Q14390443
Q11173351,P150,Q14390445
Q11173351,P31,Q986065
Q706864,P31,Q7278
Q706864,P17,Q183
Q706864,P910,Q8717713
Q706864,P1142,Q178598
Q706864,P159,Q62039
Q706864,P488,Q76540
Q1676803,P21,Q6581097
Q1676803,P22,Q155852
Q1676803,P25,Q1809123
Q1676803,P7,Q1432204
Q1676803,P31,Q12405827
Q1676803,P1441,Q1845
Q10896166,P17,Q148
Q10896166,P131,Q965091
Q10896166,P150,Q13799945
Q10896166,P150,Q13799963
Q10896166,P150,Q13799970
Q10896166,P150,Q13799976
Q10896166,P150,Q13799981
Q10896166,P150,Q13799988
Q10896166,P150,Q13799995
Q10896166,P150,Q13800001
Q10896166,P150,Q13800008
Q10896166,P150,Q13800015
Q10896166,P150,Q13800022
Q10896166,P150,Q13800029
Q10896166,P150,Q13800035
Q10896166,P150,Q13800041
Q10896166,P150,Q13800047
Q10896166,P150,Q13800054
Q10896166,P150,Q13800062
Q10896166,P150,Q13800068
Q10896166,P150,Q13800074
Q10896166,P150,Q13800081
Q10896166,P150,Q13800086
Q10896166,P150,Q13800092
Q10896166,P150,Q13800099
Q10896166,P150,Q13800107
Q10896166,P150,Q13800113
Q10896166,P150,Q13800120
Q10896166,P150,Q13800125
Q10896166,P150,Q13800131
Q10896166,P150,Q13800136
Q10896166,P150,Q13800141
Q10896166,P150,Q13800147
Q10896166,P150,Q13800153
Q10896166,P150,Q13800158
Q10896166,P150,Q13800164
Q10896166,P150,Q13800169
Q10896166,P150,Q13800198
Q10896166,P150,Q13800206
Q10896166,P150,Q13800214
Q10896166,P150,Q13800219
Q10896166,P150,Q13800226
Q10896166,P150,Q13800233
Q10896166,P150,Q13800240
Q10896166,P150,Q13800247
Q10896166,P150,Q13800253
Q10896166,P150,Q13800261
Q10896166,P150,Q13800267
Q10896166,P150,Q13800272
Q10896166,P150,Q13800279
Q10896166,P150,Q13800288
Q10896166,P150,Q13800293
Q10896166,P150,Q13800300
Q10896166,P150,Q13800307
Q10896166,P150,Q13800314
Q10896166,P150,Q13800321
Q10896166,P150,Q13800328
Q10896166,P150,Q13800335
Q10896166,P150,Q13800341
Q10896166,P150,Q13800347
Q10896166,P150,Q13800353
Q10896166,P150,Q13800361
Q10896166,P150,Q13800367
Q10896166,P31,Q735428
Q1934830,P119,Q208175
Q1934830,P21,Q6581097
Q1934830,P19,Q1493180
Q1934830,P20,Q649
Q1934830,P27,Q159
Q1934830,P31,Q5
Q1934830,P607,Q362
Q1934830,P166,Q185493
Q1934830,P166,Q278798
Q1934830,P166,Q337463
Q1934830,P166,Q178473
Q1934830,P166,Q728960
Q1934830,P166,Q18080149
Q1934830,P102,Q79854
Q1934830,P106,Q2095549
Q1934830,P735,Q18946708
Q2200333,P106,Q36834
Q2200333,P106,Q486748
Q2200333,P31,Q5
Q2200333,P21,Q6581097
Q2200333,P27,Q30
Q2200333,P735,Q432161
Q2200333,P1303,Q5994
Q842430,P17,Q142
Q842430,P131,Q3093
Q842430,P131,Q1371910
Q842430,P166,Q2727598
Q842430,P47,Q849346
Q842430,P47,Q847236
Q842430,P47,Q847391
Q842430,P47,Q849878
Q842430,P47,Q850325
Q842430,P47,Q850111
Q842430,P47,Q850345
Q842430,P31,Q484170
Q2806442,P27,Q30
Q2806442,P21,Q6581097
Q2806442,P31,Q5
Q2806442,P106,Q36834
Q2806442,P106,Q16145150
Q2806442,P735,Q499249
Q2376288,P106,Q937857
Q2376288,P19,Q9005
Q2376288,P31,Q5
Q2376288,P21,Q6581097
Q2376288,P27,Q31
Q2376288,P735,Q18009544
Q5361773,P31,Q5
Q5361773,P21,Q6581097
Q5361773,P102,Q826977
Q5361773,P106,Q82955
Q5361773,P27,Q16
Q5361773,P39,Q3305347
Q5361773,P735,Q831069
Q3097597,P197,Q2174337
Q3097597,P197,Q2055245
Q3097597,P361,Q802597
Q3097597,P31,Q55488
Q3097597,P17,Q142
Q3097597,P421,Q25989
Q2248916,P463,Q11087750
Q2248916,P21,Q6581097
Q2248916,P106,Q1028181
Q2248916,P31,Q5
Q2248916,P19,Q42622
Q2248916,P20,Q42622
Q2248916,P1343,Q1766280
Q2248916,P27,Q29520
Q329801,P21,Q6581097
Q329801,P19,Q727
Q329801,P20,Q727
Q329801,P27,Q55
Q329801,P31,Q5
Q329801,P735,Q18094344
Q329801,P106,Q82955
Q329801,P39,Q30185
Q12222509,P31,Q5
Q12222509,P21,Q6581097
Q12222509,P69,Q49108
Q12222509,P19,Q213170
Q12222509,P27,Q796
Q12222509,P735,Q19818134
Q439611,P21,Q6581072
Q439611,P31,Q5
Q439611,P19,Q13464
Q439611,P735,Q596638
Q439611,P27,Q38
Q439611,P106,Q2066131
Q439611,P641,Q542
Q439611,P1344,Q8531
Q439611,P1344,Q8488
Q449766,P21,Q6581072
Q449766,P106,Q33999
Q449766,P27,Q30
Q449766,P27,Q145
Q449766,P19,Q8646
Q449766,P20,Q986210
Q449766,P31,Q5
Q449766,P509,Q12202
Q449766,P735,Q4018995
Q449766,P119,Q10798873
Q3848478,P21,Q6581097
Q3848478,P31,Q5
Q3848478,P19,Q2656
Q3848478,P735,Q3362622
Q3848478,P27,Q38
Q3848478,P106,Q36834
Q643364,P20,Q220
Q643364,P19,Q31
Q643364,P19,Q9005
Q643364,P27,Q31
Q643364,P21,Q6581097
Q643364,P31,Q5
Q643364,P106,Q42603
Q643364,P509,Q12192
Q643364,P39,Q49476
Q643364,P735,Q1066712
Q1308171,P21,Q6581097
Q1308171,P54,Q209636
Q1308171,P54,Q194126
Q1308171,P54,Q206357
Q1308171,P54,Q207980
Q1308171,P54,Q192751
Q1308171,P31,Q5
Q1308171,P19,Q103565
Q1308171,P106,Q11774891
Q1308171,P1344,Q9664
Q1308171,P735,Q18946708
Q7771668,P31,Q571
Q7771668,P50,Q967640
Q7771668,P123,Q552959
Q7771668,P123,Q1336200
Q7771668,P840,Q60
Q7771668,P136,Q8261
Q981132,P21,Q6581097
Q981132,P119,Q208175
Q981132,P19,Q656
Q981132,P20,Q649
Q981132,P27,Q34266
Q981132,P27,Q15180
Q981132,P31,Q5
Q981132,P166,Q2329480
Q981132,P166,Q278798
Q981132,P166,Q337463
Q981132,P166,Q185493
Q981132,P166,Q208167
Q981132,P166,Q728960
Q981132,P166,Q18080149
Q981132,P463,Q1425328
Q981132,P106,Q36180
Q981132,P106,Q482980
Q981132,P735,Q42771
Q19944618,P31,Q5
Q19944618,P21,Q6581072
Q19944618,P108,Q41506
Q19944618,P106,Q188094
Q19944618,P166,Q1383535
Q19944618,P27,Q142
Q19944618,P69,Q83259
Q19944618,P69,Q13371
Q5325889,P54,Q172435
Q5325889,P54,Q213837
Q5325889,P54,Q219714
Q5325889,P54,Q191477
Q5325889,P31,Q5
Q5325889,P21,Q6581097
Q5325889,P106,Q14128148
Q5325889,P735,Q8933847
Q5325889,P27,Q30
Q8015683,P20,Q385060
Q8015683,P607,Q40949
Q8015683,P607,Q207318
Q8015683,P607,Q577081
Q8015683,P607,Q78994
Q8015683,P241,Q172771
Q8015683,P31,Q5
Q8015683,P21,Q6581097
Q8015683,P166,Q12177470
Q8015683,P735,Q14371254
Q16538718,P31,Q5
Q16538718,P21,Q6581097
Q16538718,P1344,Q8558
Q16538718,P1344,Q8544
Q16538718,P1344,Q494906
Q16538718,P1344,Q329679
Q16538718,P1344,Q8531
Q16538718,P19,Q269
Q16538718,P106,Q19595175
Q16538718,P735,Q906932
Q10892282,P17,Q148
Q10892282,P131,Q1052699
Q10892282,P150,Q14171294
Q10892282,P150,Q14171295
Q10892282,P150,Q14171297
Q10892282,P150,Q14171298
Q10892282,P150,Q14171299
Q10892282,P150,Q14171300
Q10892282,P150,Q14171301
Q10892282,P150,Q14171303
Q10892282,P31,Q735428
Q7143706,P31,Q5
Q7143706,P21,Q6581097
Q7143706,P106,Q10871364
Q7143706,P27,Q30
Q7143706,P735,Q19801119
Q7143706,P734,Q17744604
Q870799,P21,Q6581097
Q870799,P19,Q2637382
Q870799,P20,Q437
Q870799,P31,Q5
Q870799,P463,Q266063
Q870799,P106,Q1028181
Q18218190,P106,Q82955
Q18218190,P31,Q5
Q18218190,P27,Q30
Q18218190,P21,Q6581097
Q18218190,P735,Q677191
Q18218190,P102,Q29552
Q10893489,P17,Q148
Q10893489,P131,Q233441
Q10893489,P150,Q14454562
Q10893489,P150,Q14454563
Q10893489,P150,Q14454567
Q10893489,P150,Q14454568
Q10893489,P150,Q14454569
Q10893489,P150,Q14454570
Q10893489,P150,Q14454571
Q10893489,P150,Q14454572
Q10893489,P150,Q14454573
Q10893489,P150,Q14454574
Q10893489,P150,Q14454575
Q10893489,P150,Q14454576
Q10893489,P150,Q14454577
Q10893489,P150,Q14454579
Q10893489,P31,Q735428
Q433706,P21,Q6581072
Q433706,P31,Q5
Q433706,P735,Q734578
Q433706,P27,Q408
Q433706,P106,Q177220
Q433706,P734,Q11703653
Q3698215,P31,Q3305213
Q3698215,P170,Q983352
Q3698215,P136,Q2414609
Q3698215,P180,Q345
Q3698215,P180,Q467
Q3698215,P180,Q302
Q3698215,P180,Q8441
Q3698215,P195,Q913182
Q1329991,P21,Q6581072
Q1329991,P19,Q559306
Q1329991,P27,Q183
Q1329991,P31,Q5
Q1329991,P106,Q482980
Q1329991,P735,Q17524931
Q5110817,P31,Q5
Q5110817,P166,Q10762848
Q5110817,P69,Q13371
Q5110817,P69,Q81087
Q5110817,P19,Q84
Q5110817,P21,Q6581072
Q5110817,P106,Q1930187
Q5110817,P735,Q1083457
Q1359866,P21,Q6581097
Q1359866,P19,Q37985
Q1359866,P20,Q40
Q1359866,P27,Q40
Q1359866,P31,Q5
Q1359866,P106,Q482980
Q1359866,P106,Q333634
Q1359866,P735,Q292691
Q265462,P21,Q6581097
Q265462,P106,Q1028181
Q265462,P19,Q11225429
Q265462,P31,Q5
Q265462,P735,Q664832
Q265462,P27,Q11225429
Q2444012,P31,Q1983062
Q2444012,P179,Q73622
Q2444012,P361,Q1143570
Q2444012,P155,Q1993881
Q2444012,P156,Q2067361
Q2444012,P364,Q1860
Q5547233,P31,Q5
Q5547233,P21,Q6581097
Q5547233,P106,Q482980
Q5547233,P19,Q472
Q5547233,P27,Q219
Q5547233,P735,Q17533877
Q5571880,P21,Q6581097
Q5571880,P19,Q1614296
Q5571880,P31,Q5
Q5571880,P27,Q34
Q5571880,P106,Q82955
Q5571880,P735,Q8851571
Q5571880,P734,Q346003
Q18764039,P31,Q5
Q18764039,P21,Q6581097
Q18764039,P102,Q29552
Q18764039,P39,Q19754409
Q18764039,P735,Q19803520
Q18764039,P27,Q30
Q11373193,P31,Q5
Q11373193,P734,Q953589
Q11373193,P27,Q17
Q11373193,P106,Q33999
Q11373193,P106,Q4610556
Q11373193,P19,Q1490
Q11373193,P21,Q6581097
Q3242363,P17,Q218
Q3242363,P131,Q182614
Q3242363,P31,Q659103
Q3242363,P36,Q671987
Q3242363,P1383,Q671987
Q3242363,P1383,Q849578
Q3242363,P1383,Q543939
Q7108106,P69,Q15568
Q7108106,P69,Q81087
Q7108106,P31,Q5
Q7108106,P734,Q804909
Q7108106,P21,Q6581097
Q7108106,P166,Q12201477
Q7108106,P106,Q808967
Q7108106,P735,Q18190932
Q14058261,P17,Q148
Q14058261,P131,Q713357
Q14058261,P150,Q14058257
Q14058261,P150,Q14058268
Q14058261,P150,Q14058274
Q14058261,P150,Q14058278
Q14058261,P150,Q14058282
Q14058261,P150,Q14058287
Q14058261,P150,Q14058293
Q14058261,P150,Q14058296
Q14058261,P150,Q14058301
Q14058261,P150,Q14058306
Q14058261,P150,Q14058311
Q14058261,P150,Q14058316
Q14058261,P150,Q14058323
Q14058261,P150,Q14058326
Q14058261,P150,Q14058331
Q14058261,P150,Q14058336
Q14058261,P150,Q14058341
Q14058261,P150,Q14058345
Q14058261,P150,Q14058351
Q14058261,P150,Q14058356
Q14058261,P150,Q14058361
Q14058261,P150,Q14058365
Q14058261,P150,Q14058371
Q14058261,P150,Q14058377
Q14058261,P150,Q14058382
Q14058261,P150,Q14058387
Q14058261,P150,Q14058392
Q14058261,P150,Q14058397
Q14058261,P150,Q14058401
Q14058261,P150,Q14058405
Q14058261,P150,Q14058410
Q14058261,P150,Q14058415
Q14058261,P150,Q14058420
Q14058261,P150,Q14058426
Q14058261,P150,Q14058430
Q14058261,P31,Q986065
Q3932708,P31,Q5
Q3932708,P21,Q6581097
Q3932708,P19,Q6761
Q3932708,P20,Q20261
Q3932708,P735,Q348946
Q3932708,P27,Q38
Q257448,P21,Q6581072
Q257448,P31,Q5
Q257448,P106,Q49757
Q257448,P106,Q482980
Q257448,P27,Q1747689
Q257448,P1412,Q397
Q4571594,P31,Q5
Q4571594,P21,Q6581097
Q4571594,P106,Q36834
Q4571594,P106,Q639669
Q4571594,P106,Q158852
Q4571594,P27,Q20
Q4571594,P735,Q2246251
Q4571594,P1303,Q8350
Q720910,P135,Q466675
Q720910,P21,Q6581097
Q720910,P106,Q1281618
Q720910,P19,Q990504
Q720910,P20,Q222705
Q720910,P20,Q523240
Q720910,P31,Q5
Q720910,P27,Q30
Q720910,P735,Q14516546
Q720910,P69,Q49108
Q720910,P463,Q463281
Q720910,P463,Q463303
Q720910,P800,Q2378921
Q720910,P800,Q3497629
Q720910,P800,Q4669002
Q9369644,P21,Q6581097
Q9369644,P27,Q36
Q9369644,P241,Q11816462
Q9369644,P31,Q5
Q9369644,P166,Q15715250
Q9369644,P735,Q19817877
Q3553687,P21,Q6581097
Q3553687,P31,Q128430
Q3553687,P31,Q15410431
Q3553687,P22,Q79999
Q3553687,P25,Q93172
Q3553687,P361,Q34726
Q7027484,P31,Q5
Q7027484,P19,Q18125
Q7027484,P69,Q35794
Q7027484,P21,Q6581097
Q7027484,P106,Q1930187
Q7027484,P108,Q1202039
Q7027484,P735,Q19794219
Q18087815,P31,Q9259
Q18087815,P527,Q651323
Q18087815,P527,Q1185336
Q18087815,P527,Q5471183
Q18087815,P527,Q6938803
Q18087815,P527,Q7499739
Q18087815,P527,Q5052171
Q18087815,P17,Q16
Q18087815,P131,Q1904
Q7340446,P31,Q5
Q7340446,P21,Q6581097
Q7340446,P735,Q1795088
Q7340446,P27,Q408
Q7340446,P106,Q947873
Q7340446,P734,Q568872
Q15440381,P31,Q5
Q15440381,P21,Q6581097
Q15440381,P735,Q1200194
Q15440381,P106,Q39631
Q15440381,P27,Q55
Q15440381,P19,Q793
Q15440381,P20,Q43631
Q2723845,P31,Q7725634
Q2723845,P364,Q1860
Q2723845,P50,Q233424
Q2723845,P136,Q8261
Q2723845,P136,Q1057172
Q2723845,P136,Q858330
Q6408787,P106,Q937857
Q6408787,P106,Q2066131
Q6408787,P31,Q5
Q6408787,P21,Q6581097
Q6408787,P54,Q482617
Q6408787,P27,Q884
Q11072476,P17,Q148
Q11072476,P131,Q257817
Q11072476,P150,Q14579153
Q11072476,P150,Q14579155
Q11072476,P150,Q14579156
Q11072476,P150,Q14579157
Q11072476,P150,Q14579158
Q11072476,P150,Q14579159
Q11072476,P150,Q14579160
Q11072476,P150,Q14579161
Q11072476,P150,Q14579162
Q11072476,P150,Q14579163
Q11072476,P31,Q735428
Q17459560,P31,Q3947
Q17459560,P17,Q55
Q17459560,P131,Q753913
Q17459560,P1435,Q916333
Q17459560,P276,Q644366
Q17459560,P669,Q19540010
Q16425383,P17,Q218
Q16425383,P31,Q659103
Q16425383,P131,Q45868
Q16425383,P36,Q920013
Q16425383,P1383,Q920013
Q16425383,P1383,Q7641625
Q16425383,P1383,Q12083019
Q16425383,P1383,Q12083295
Q16425383,P1383,Q12083976
Q16425383,P1383,Q7664905
Q16425383,P1383,Q7665025
Q16425383,P1383,Q7664927
Q16425383,P1383,Q7664887
Q16425383,P1383,Q7664914
Q16425383,P1383,Q7488591
Q16425383,P1383,Q7664998
Q16425383,P1383,Q7664988
Q16425383,P1383,Q7499176
Q16425383,P1383,Q7498349
Q16425383,P1383,Q12167176
Q16425383,P1383,Q12167399
Q16425383,P1383,Q7503415
Q16425383,P1383,Q12118832
Q16425383,P1383,Q7583852
Q16425383,P1383,Q7583855
Q16425383,P1383,Q7583886
Q16425383,P1383,Q7583858
Q16425383,P1383,Q7665199
Q16425383,P1383,Q7583849
Q16425383,P1383,Q7664876
Q16425383,P1383,Q7664711
Q16425383,P1383,Q3849225
Q16425383,P1383,Q12143177
Q16425383,P1383,Q752139
Q16425383,P1383,Q7664970
Q16425383,P1383,Q7583178
Q16425383,P1383,Q7664959
Q16425383,P1383,Q7665010
Q16425383,P1383,Q7485804
Q16425383,P1383,Q7664943
Q16425383,P1383,Q7583857
Q16425383,P1383,Q12089365
Q16425383,P1383,Q7485555
Q104782,P21,Q6581097
Q104782,P31,Q5
Q104782,P27,Q183
Q104782,P106,Q901402
Q104782,P108,Q152838
Q104782,P735,Q4927273
Q104782,P512,Q849697
Q104782,P937,Q3033
Q5654116,P31,Q5
Q5654116,P19,Q15338
Q5654116,P21,Q6581097
Q5654116,P27,Q668
Q5654116,P106,Q33999
Q5654116,P1412,Q8097
Q1876192,P21,Q6581097
Q1876192,P19,Q22655
Q1876192,P20,Q1020292
Q1876192,P27,Q38
Q1876192,P31,Q5
Q1876192,P106,Q42603
Q1876192,P39,Q29182
Q1876192,P140,Q9592
Q1876192,P735,Q4245067
Q5336670,P31,Q5
Q5336670,P21,Q6581097
Q5336670,P106,Q13381863
Q5336670,P1344,Q8403
Q5336670,P735,Q15731557
Q5336670,P27,Q55
Q3335611,P21,Q6581072
Q3335611,P31,Q5
Q3335611,P19,Q18419
Q3335611,P27,Q30
Q3335611,P735,Q2102316
Q3335611,P734,Q1158446
Q6969858,P31,Q5
Q6969858,P21,Q6581097
Q6969858,P39,Q18015642
Q6969858,P106,Q82955
Q6969858,P735,Q18978396
Q6969858,P734,Q1158446
Q18573009,P31,Q3305213
Q18573009,P170,Q5597
Q18573009,P276,Q18572786
Q18573009,P195,Q3044768
Q18573009,P180,Q235113
Q18573009,P186,Q134194
Q18573009,P186,Q4259259
Q18573009,P135,Q1404472
Q309348,P17,Q42620
Q309348,P131,Q42620
Q309348,P190,Q2656
Q309348,P190,Q104400
Q309348,P190,Q193780
Q309348,P190,Q192393
Q309348,P31,Q515
Q309348,P1464,Q18664769
Q1717573,P21,Q6581097
Q1717573,P31,Q5
Q1717573,P27,Q183
Q1717573,P108,Q153006
Q1717573,P735,Q2670311
Q1717573,P106,Q2306091
Q1717573,P19,Q64
Q3262965,P19,Q1063944
Q3262965,P27,Q142
Q3262965,P21,Q6581097
Q3262965,P31,Q5
Q3262965,P106,Q13415036
Q3262965,P735,Q2897866
Q3262965,P54,Q431412
Q3262965,P54,Q297901
Q86481,P21,Q6581097
Q86481,P19,Q1741
Q86481,P20,Q1741
Q86481,P27,Q28513
Q86481,P27,Q40
Q86481,P31,Q5
Q86481,P106,Q2374149
Q86481,P735,Q15731830
Q6188960,P279,Q41426
Q6188960,P279,Q15062149
Q6188960,P31,Q1875621
Q6188960,P516,Q723916
Q6188960,P516,Q654051
Q6188960,P1654,Q627537
Q13553216,P31,Q5
Q13553216,P20,Q1799
Q13553216,P21,Q6581097
Q13553216,P69,Q658192
Q13553216,P27,Q36
Q13553216,P106,Q201788
Q13553216,P735,Q20087919
Q18817299,P138,Q983650
Q18817299,P31,Q498162
Q18817299,P131,Q1603
Q18817299,P131,Q505438
Q18817299,P131,Q491878
Q18817299,P17,Q30
Q683643,P19,Q1083
Q683643,P21,Q6581097
Q683643,P31,Q5
Q683643,P69,Q13371
Q683643,P735,Q4245067
Q683643,P27,Q38
Q683643,P108,Q21578
Q683643,P106,Q49757
Q683643,P106,Q36180
Q1268949,P21,Q6581097
Q1268949,P19,Q3912
Q1268949,P20,Q4098
Q1268949,P27,Q183
Q1268949,P31,Q5
Q1268949,P106,Q482980
Q1268949,P106,Q1028181
Q1268949,P735,Q1242555
Q275018,P21,Q6581072
Q275018,P19,Q34600
Q275018,P31,Q5
Q275018,P27,Q17
Q275018,P166,Q530124
Q275018,P106,Q1028181
Q3660120,P54,Q327172
Q3660120,P54,Q324589
Q3660120,P106,Q937857
Q3660120,P21,Q6581097
Q3660120,P31,Q5
Q3660120,P27,Q414
Q3660120,P735,Q364753
Q118371,P21,Q6581097
Q118371,P19,Q69007
Q118371,P102,Q659461
Q118371,P69,Q11942
Q118371,P31,Q5
Q118371,P27,Q39
Q118371,P106,Q82955
Q118371,P103,Q387066
Q118371,P1412,Q188
Q118371,P735,Q7062902
Q118371,P39,Q18510613
Q890635,P54,Q575370
Q890635,P54,Q204220
Q890635,P54,Q642291
Q890635,P54,Q328313
Q890635,P106,Q937857
Q890635,P31,Q5
Q890635,P19,Q773432
Q890635,P21,Q6581097
Q890635,P27,Q30
Q890635,P735,Q2923375
Q890635,P641,Q2736
Q890635,P1344,Q79859
Q914116,P119,Q1437214
Q914116,P21,Q6581097
Q914116,P19,Q49199
Q914116,P20,Q172732
Q914116,P27,Q30
Q914116,P31,Q5
Q914116,P106,Q3014296
Q914116,P735,Q18156180
Q289391,P21,Q6581072
Q289391,P19,Q1019899
Q289391,P20,Q33935
Q289391,P27,Q801
Q289391,P27,Q36
Q289391,P31,Q5
Q289391,P166,Q616568
Q289391,P166,Q616568
Q289391,P101,Q2763
Q289391,P735,Q644599
Q289391,P106,Q482980
Q289391,P106,Q36180
Q6543517,P54,Q632990
Q6543517,P54,Q1278130
Q6543517,P54,Q508440
Q6543517,P54,Q1354077
Q6543517,P106,Q937857
Q6543517,P31,Q5
Q6543517,P27,Q155
Q6543517,P21,Q6581097
Q96198,P19,Q1531138
Q96198,P463,Q881042
Q96198,P463,Q1591160
Q96198,P463,Q1756350
Q96198,P21,Q6581072
Q96198,P31,Q5
Q96198,P27,Q183
Q96198,P102,Q49768
Q96198,P39,Q1939555
Q96198,P39,Q17521638
Q96198,P39,Q514725
Q96198,P39,Q813390
Q96198,P39,Q1939555
Q96198,P39,Q1939555
Q96198,P39,Q1939555
Q96198,P106,Q1930187
Q96198,P106,Q82955
Q96198,P735,Q1814118
Q96198,P1412,Q188
Q96198,P140,Q75809
Q462172,P21,Q6581072
Q462172,P31,Q5
Q462172,P106,Q6625963
Q462172,P106,Q482980
Q462172,P27,Q17
Q462172,P166,Q424160
Q6206387,P21,Q6581097
Q6206387,P31,Q5
Q6206387,P108,Q218506
Q6206387,P108,Q10403937
Q6206387,P735,Q4926491
Q6206387,P27,Q34
Q2582008,P21,Q6581097
Q2582008,P102,Q339706
Q2582008,P27,Q875556
Q2582008,P27,Q801
Q2582008,P69,Q319239
Q2582008,P31,Q5
Q2582008,P19,Q990657
Q2582008,P19,Q801
Q2582008,P39,Q4047513
Q2582008,P106,Q82955
Q2582008,P735,Q19729917
Q2582008,P1412,Q1860
Q2582008,P1412,Q13955
Q4805815,P106,Q40348
Q4805815,P106,Q82955
Q4805815,P27,Q668
Q4805815,P69,Q2749583
Q4805815,P69,Q174570
Q4805815,P69,Q1145306
Q4805815,P31,Q5
Q4805815,P39,Q16556694
Q4805815,P39,Q17324844
Q4805815,P21,Q6581097
Q12326103,P81,Q2386919
Q12326103,P197,Q12314516
Q12326103,P197,Q12317799
Q12326103,P31,Q55488
Q12326103,P17,Q35
Q12326103,P131,Q511546
Q12326103,P137,Q20640459
Q9324881,P21,Q6581097
Q9324881,P106,Q189290
Q9324881,P241,Q918504
Q9324881,P31,Q5
Q9324881,P166,Q15715250
Q9324881,P166,Q11776615
Q9324881,P735,Q15720963
Q15445477,P31,Q5
Q15445477,P21,Q6581097
Q15445477,P27,Q39
Q15445477,P735,Q499249
Q15445477,P106,Q482980
Q15445477,P20,Q9125
Q5634648,P289,Q2299009
Q5634648,P793,Q14592615
Q5634648,P793,Q14713606
Q5634648,P793,Q14475832
Q5634648,P793,Q7497952
Q5634648,P793,Q566889
Q5634648,P127,Q1888079
Q5634648,P31,Q2811
Q5634648,P137,Q172771
Q4081216,P21,Q6581097
Q4081216,P31,Q5
Q4081216,P166,Q4187990
Q4081216,P166,Q1857712
Q4081216,P27,Q15180
Q4081216,P27,Q159
Q4081216,P735,Q2253934
Q15011770,P31,Q5
Q15011770,P21,Q6581097
Q15011770,P27,Q55
Q15011770,P19,Q55
Q15011770,P20,Q55
Q15011770,P735,Q19819739
Q6769397,P54,Q1138515
Q6769397,P54,Q894605
Q6769397,P54,Q639349
Q6769397,P54,Q18518
Q6769397,P54,Q48946
Q6769397,P54,Q1953914
Q6769397,P54,Q18511
Q6769397,P54,Q18506
Q6769397,P54,Q1513377
Q6769397,P54,Q18527
Q6769397,P54,Q18528
Q6769397,P54,Q48951
Q6769397,P106,Q937857
Q6769397,P21,Q6581097
Q6769397,P31,Q5
Q6769397,P735,Q13610143
Q6769397,P27,Q145
Q957761,P175,Q15897
Q957761,P31,Q134556
Q957761,P31,Q7366
Q957761,P264,Q190585
Q957761,P676,Q15897
Q957761,P156,Q2467464
Q12157488,P31,Q5
Q12157488,P21,Q6581097
Q12157488,P20,Q1899
Q12157488,P166,Q278798
Q12157488,P166,Q337463
Q12157488,P166,Q185493
Q12157488,P166,Q18080149
Q12157488,P27,Q34266
Q12157488,P27,Q15180
Q12157488,P463,Q958769
Q344320,P21,Q6581072
Q344320,P19,Q179749
Q344320,P20,Q1748
Q344320,P27,Q33
Q344320,P27,Q35
Q344320,P31,Q5
Q344320,P106,Q482980
Q344320,P735,Q19816532
Q13382543,P31,Q5398426
Q13382543,P495,Q30
Q13382543,P272,Q798768
Q13382543,P272,Q5398867
Q13382543,P272,Q1156642
Q13382543,P750,Q7969710
Q13382543,P449,Q13974
Q13382543,P136,Q5434357
Q13382543,P840,Q1408
Q13382543,P364,Q1860
Q4802373,P21,Q6581097
Q4802373,P31,Q5
Q4802373,P19,Q1812809
Q4802373,P102,Q190219
Q4802373,P735,Q11959216
Q4802373,P27,Q20
Q6001699,P31,Q11424
Q6001699,P57,Q7496079
Q6001699,P161,Q379171
Q6001699,P161,Q3595242
Q6001699,P161,Q1992008
Q6001699,P161,Q6986770
Q6001699,P344,Q6957522
Q6001699,P364,Q1568
Q5717025,P21,Q6581097
Q5717025,P241,Q11220
Q5717025,P106,Q189290
Q5717025,P106,Q81096
Q5717025,P19,Q28848
Q5717025,P166,Q5558957
Q5717025,P166,Q17231624
Q5717025,P607,Q362
Q5717025,P31,Q5
Q5717025,P27,Q30
Q5717025,P735,Q1158477
Q1502763,P159,Q649
Q1502763,P31,Q783794
Q1502763,P31,Q1389604
Q1502763,P553,Q355
Q1502763,P553,Q918
Q1502763,P553,Q116933
Q3899377,P31,Q5
Q3899377,P21,Q6581097
Q3899377,P19,Q385538
Q3899377,P20,Q220
Q3899377,P735,Q15720844
Q3899377,P27,Q38
Q3899377,P106,Q639669
Q3899377,P106,Q158852
Q500463,P21,Q6581097
Q500463,P31,Q5
Q500463,P19,Q16555
Q500463,P735,Q4925477
Q500463,P27,Q30
Q500463,P106,Q486748
Q3171178,P31,Q5
Q3171178,P21,Q6581097
Q3171178,P735,Q7521081
Q3171178,P27,Q142
Q3171178,P106,Q193391
Q3171178,P39,Q121998
Q11417923,P31,Q5
Q11417923,P106,Q10871364
Q11417923,P735,Q7385609
Q11417923,P19,Q223439
Q11417923,P27,Q17
Q11417923,P21,Q6581097
Q11417923,P734,Q20050883
Q1623056,P31,Q11424
Q1623056,P57,Q524711
Q1623056,P364,Q1860
Q1623056,P344,Q382945
Q1623056,P161,Q136209
Q1623056,P161,Q36153
Q1623056,P161,Q311962
Q1623056,P161,Q441634
Q1623056,P161,Q434776
Q1623056,P161,Q1157743
Q1623056,P161,Q2347009
Q1623056,P161,Q241660
Q1623056,P161,Q5239729
Q1623056,P161,Q236318
Q1623056,P161,Q3260138
Q1623056,P161,Q1906374
Q1623056,P161,Q448876
Q1623056,P161,Q1394645
Q1623056,P161,Q230196
Q1623056,P161,Q2092670
Q1623056,P161,Q727730
Q1623056,P161,Q270869
Q1623056,P162,Q4890022
Q1623056,P162,Q6174711
Q1623056,P272,Q1111024
Q1623056,P136,Q860626
Q1623056,P136,Q1054574
Q1623056,P136,Q842256
Q1623056,P17,Q30
Q1623056,P840,Q60
Q1623056,P495,Q30
Q609376,P54,Q1949782
Q609376,P54,Q391914
Q609376,P54,Q348659
Q609376,P54,Q1071313
Q609376,P54,Q2608133
Q609376,P54,Q5424895
Q609376,P54,Q3646666
Q609376,P106,Q937857
Q609376,P21,Q6581097
Q609376,P31,Q5
Q609376,P27,Q15180
Q609376,P19,Q2033493
Q16149390,P31,Q5
Q16149390,P21,Q6581072
Q16149390,P1344,Q182798
Q16149390,P1344,Q216864
Q16149390,P1344,Q840654
Q16149390,P27,Q30
Q16149390,P735,Q19819764
Q608036,P21,Q6581097
Q608036,P27,Q30
Q608036,P106,Q82955
Q608036,P39,Q13218630
Q608036,P19,Q67012
Q608036,P20,Q38022
Q608036,P31,Q5
Q608036,P735,Q1249148
Q608036,P102,Q29552
Q13693604,P17,Q148
Q13693604,P131,Q1069849
Q13693604,P150,Q13693599
Q13693604,P150,Q13693610
Q13693604,P150,Q13693615
Q13693604,P150,Q13693621
Q13693604,P150,Q13693626
Q13693604,P150,Q13693631
Q13693604,P150,Q13693636
Q13693604,P150,Q13693642
Q13693604,P150,Q13693646
Q13693604,P150,Q13693651
Q13693604,P150,Q13693656
Q13693604,P150,Q13693661
Q13693604,P150,Q13693665
Q13693604,P150,Q13693671
Q13693604,P150,Q13693675
Q13693604,P150,Q13693680
Q13693604,P150,Q13693685
Q13693604,P150,Q13693691
Q13693604,P150,Q13693696
Q13693604,P150,Q13693701
Q13693604,P150,Q13693707
Q13693604,P150,Q13693711
Q13693604,P150,Q13693716
Q13693604,P150,Q13693721
Q13693604,P150,Q13693725
Q13693604,P150,Q13693730
Q13693604,P150,Q13693735
Q13693604,P150,Q13693740
Q13693604,P150,Q13693746
Q13693604,P150,Q13693751
Q13693604,P150,Q13693757
Q13693604,P31,Q735428
Q1251283,P910,Q9576578
Q1251283,P31,Q14514600
Q1251283,P31,Q13406463
Q1251283,P279,Q15298259
Q1251283,P361,Q174097
Q1251283,P1080,Q5410773
Q1251283,P1441,Q8337
Q3874233,P31,Q5
Q3874233,P21,Q6581097
Q3874233,P27,Q1183
Q3874233,P641,Q5372
Q3874233,P1344,Q8444
Q3874233,P1344,Q8438
Q3874233,P106,Q3665646
Q7673944,P31,Q5
Q7673944,P21,Q6581097
Q7673944,P106,Q10871364
Q7673944,P54,Q3446304
Q7673944,P54,Q653772
Q7673944,P27,Q30
Q2561440,P31,Q11424
Q2561440,P179,Q5358936
Q2561440,P57,Q299140
Q2561440,P161,Q9557
Q2561440,P161,Q717997
Q2561440,P161,Q3117676
Q2561440,P161,Q6735226
Q2561440,P161,Q465863
Q2561440,P161,Q3634967
Q2561440,P161,Q4790555
Q2561440,P161,Q677439
Q2561440,P161,Q3632712
Q2561440,P161,Q7155518
Q2561440,P161,Q330315
Q2561440,P58,Q299140
Q2561440,P58,Q2020488
Q2561440,P344,Q1524278
Q2561440,P136,Q130232
Q2561440,P136,Q1054574
Q2561440,P136,Q369747
Q2561440,P921,Q2540524
Q2561440,P921,Q129053
Q2561440,P364,Q1568
Q2561440,P364,Q1860
Q2561440,P495,Q668
Q2561440,P495,Q16
Q2561440,P144,Q5180395
Q2561440,P840,Q11739
Q5467088,P196,Q2179
Q5467088,P61,Q1165635
Q5467088,P65,Q2446595
Q5467088,P155,Q5467046
Q5467088,P156,Q5467120
Q5467088,P31,Q3863
Q1804816,P21,Q6581097
Q1804816,P20,Q131908
Q1804816,P27,Q30
Q1804816,P102,Q29468
Q1804816,P31,Q5
Q1804816,P19,Q1012011
Q1804816,P39,Q5589687
Q1804816,P39,Q19264592
Q1804816,P106,Q82955
Q65545,P21,Q6581097
Q65545,P102,Q49768
Q65545,P102,Q451497
Q65545,P69,Q152838
Q65545,P31,Q5
Q65545,P19,Q5655
Q65545,P27,Q183
Q65545,P39,Q1939555
Q65545,P39,Q19731005
Q65545,P735,Q2670311
Q65545,P106,Q82955
Q3843904,P19,Q123941
Q3843904,P20,Q3415
Q3843904,P21,Q6581072
Q3843904,P106,Q82955
Q3843904,P27,Q38
Q3843904,P31,Q5
Q1029556,P21,Q6581097
Q1029556,P19,Q3104
Q1029556,P20,Q1546105
Q1029556,P31,Q5
Q1029556,P27,Q183
Q1029556,P735,Q1158570
Q1029556,P106,Q1028181
Q13740026,P31,Q2836966
Q13740026,P31,Q1144661
Q13740026,P17,Q55
Q13740026,P17,Q31
Q13740026,P88,Q1832013
Q13740026,P131,Q102728
Q13740026,P176,Q660675
Q13740026,P793,Q15051339
Q13740026,P793,Q2144402
Q13740026,P361,Q1832013
Q2941832,P19,Q90
Q2941832,P31,Q5
Q2941832,P21,Q6581072
Q2941832,P27,Q142
Q2941832,P106,Q36180
Q2941832,P1412,Q150
Q2941832,P735,Q2218095
Q3856532,P31,Q5
Q3856532,P21,Q6581097
Q3856532,P19,Q3519
Q3856532,P20,Q220
Q3856532,P27,Q38
Q3856532,P106,Q1930187
Q3856532,P106,Q36180
Q3856532,P106,Q4164507
Q3856532,P735,Q18620536
Q3592674,P19,Q134674
Q3592674,P31,Q5
Q3592674,P21,Q6581072
Q3592674,P27,Q142
Q3592674,P1344,Q8558
Q3592674,P106,Q6665249
Q3592674,P735,Q19689416
Q4754941,P102,Q1759292
Q4754941,P106,Q185196
Q4754941,P31,Q5
Q4754941,P21,Q6581072
Q4754941,P27,Q298
Q4754941,P735,Q18177321
Q4754941,P26,Q2672452
Q4754941,P40,Q19967384
Q11577233,P31,Q5
Q11577233,P21,Q6581097
Q11577233,P106,Q10871364
Q11577233,P19,Q130308
Q11577233,P735,Q1389665
Q11577233,P734,Q16879909
Q11577233,P27,Q17
Q16210361,P735,Q16275172
Q16210361,P735,Q13365715
Q16210361,P31,Q5
Q16210361,P21,Q6581072
Q16210361,P106,Q36180
Q16210361,P106,Q6625963
Q16210361,P106,Q1028181
Q16210361,P22,Q4786286
Q16210361,P7,Q335286
Q16210361,P793,Q8445
Q16210361,P20,Q2323537
Q16210361,P1038,Q3666710
Q16210361,P27,Q145
Q440538,P21,Q6581097
Q440538,P22,Q360972
Q440538,P25,Q10380962
Q440538,P26,Q11427426
Q440538,P26,Q11372683
Q440538,P26,Q6143467
Q440538,P26,Q16854998
Q440538,P40,Q374075
Q440538,P40,Q8766149
Q440538,P40,Q313942
Q440538,P40,Q11275950
Q440538,P40,Q15838929
Q440538,P31,Q5
Q440538,P27,Q17
Q440538,P53,Q909452
Q440538,P39,Q208233
Q440538,P1412,Q5287
Q440538,P7,Q11481488
Q440538,P7,Q11495041
Q440538,P7,Q11626016
Q560103,P21,Q6581097
Q560103,P106,Q937857
Q560103,P31,Q5
Q560103,P19,Q1794
Q560103,P27,Q183
Q560103,P735,Q4927589
Q7681180,P31,Q5
Q7681180,P21,Q6581097
Q7681180,P734,Q422468
Q7681180,P27,Q17
Q7681180,P106,Q82955
Q7681180,P106,Q188094
Q7245689,P54,Q902512
Q7245689,P54,Q204627
Q7245689,P21,Q6581097
Q7245689,P31,Q5
Q7245689,P27,Q16
Q7245689,P106,Q11774891
Q7245689,P735,Q15238167
Q7368788,P31,Q5
Q7368788,P19,Q84
Q7368788,P69,Q842909
Q7368788,P106,Q270389
Q7368788,P21,Q6581072
Q7368788,P27,Q16
Q7368788,P641,Q542
Q7368788,P1344,Q8531
Q7368788,P1344,Q8488
Q7368788,P1344,Q8470
Q16905622,P31,Q5
Q16905622,P21,Q6581097
Q16905622,P106,Q82594
Q16905622,P106,Q81096
Q16905622,P69,Q190080
Q16905622,P735,Q668885
Q16905622,P463,Q131566
Q16905622,P27,Q30
Q6700628,P31,Q5
Q6700628,P21,Q6581097
Q6700628,P106,Q10871364
Q6700628,P54,Q3526064
Q6700628,P735,Q2598693
Q6700628,P641,Q5369
Q6700628,P19,Q9022
Q6700628,P27,Q96
Q11712519,P31,Q5
Q11712519,P21,Q6581072
Q11712519,P1344,Q9678
Q11712519,P735,Q1663436
Q11712519,P27,Q37
Q11712519,P19,Q189157
Q2570459,P31,Q185187
Q2570459,P17,Q55
Q2570459,P131,Q72974
Q2570459,P1435,Q916333
Q2570459,P276,Q2213294
Q2570459,P669,Q18949006
Q8013751,P21,Q6581097
Q8013751,P31,Q5
Q8013751,P19,Q2101493
Q8013751,P735,Q14371254
Q8013751,P106,Q33999
Q8013751,P27,Q30
Q11892225,P31,Q5
Q11892225,P27,Q33
Q11892225,P106,Q1930187
Q11892225,P735,Q19832245
Q11892225,P9,Q16990730
Q11892225,P21,Q6581097
Q11892225,P19,Q1757
Q2571011,P31,Q571
Q2571011,P179,Q3210169
Q2571011,P50,Q160534
Q2571011,P155,Q2537686
Q2571011,P156,Q2468743
Q2571011,P364,Q1860
Q2571011,P123,Q3067003
Q2571011,P136,Q8261
Q2571011,P840,Q99
Q3875165,P54,Q3607383
Q3875165,P106,Q937857
Q3875165,P21,Q6581097
Q3875165,P31,Q5
Q3875165,P19,Q42139
Q3875165,P27,Q38
Q3875165,P735,Q1982265
Q2402314,P179,Q380519
Q2402314,P57,Q2508560
Q2402314,P58,Q502314
Q2402314,P58,Q540510
Q2402314,P155,Q3494387
Q2402314,P156,Q644743
Q2402314,P31,Q1983062
Q2402314,P361,Q664160
Q2402314,P364,Q1860
Q2402314,P495,Q30
Q4078174,P21,Q6581097
Q4078174,P31,Q5
Q4078174,P19,Q925340
Q4078174,P20,Q656
Q4078174,P512,Q17281087
Q4078174,P166,Q2268261
Q4078174,P166,Q695106
Q4078174,P166,Q18080149
Q10865294,P17,Q148
Q10865294,P131,Q1197357
Q10865294,P150,Q14106866
Q10865294,P150,Q14106870
Q10865294,P150,Q14106873
Q10865294,P150,Q14106875
Q10865294,P150,Q14106877
Q10865294,P150,Q14106880
Q10865294,P150,Q14106882
Q10865294,P150,Q14106884
Q10865294,P150,Q14106887
Q10865294,P150,Q14106890
Q10865294,P150,Q14106892
Q10865294,P150,Q14106893
Q10865294,P150,Q14106896
Q10865294,P150,Q14106898
Q10865294,P150,Q14106901
Q10865294,P150,Q14106903
Q10865294,P150,Q14106907
Q10865294,P150,Q14106909
Q10865294,P150,Q14106911
Q10865294,P150,Q14106914
Q10865294,P150,Q14106916
Q10865294,P150,Q14106918
Q10865294,P150,Q14106921
Q10865294,P150,Q14106924
Q10865294,P150,Q14106926
Q10865294,P150,Q14106929
Q10865294,P150,Q14106931
Q10865294,P150,Q14106934
Q10865294,P150,Q14106936
Q10865294,P150,Q14106939
Q10865294,P150,Q14106941
Q10865294,P150,Q14106944
Q10865294,P150,Q14106947
Q10865294,P150,Q14106948
Q10865294,P150,Q14106950
Q10865294,P150,Q14106955
Q10865294,P150,Q14106956
Q10865294,P150,Q14106958
Q10865294,P150,Q14106961
Q10865294,P150,Q14106963
Q10865294,P150,Q14106966
Q10865294,P150,Q14106968
Q10865294,P150,Q14106972
Q10865294,P150,Q14106974
Q10865294,P150,Q14106976
Q10865294,P150,Q14106979
Q10865294,P150,Q14106980
Q10865294,P150,Q14106981
Q10865294,P150,Q14106983
Q10865294,P150,Q14106986
Q10865294,P150,Q14106988
Q10865294,P150,Q14106991
Q10865294,P150,Q14106994
Q10865294,P150,Q14106996
Q10865294,P31,Q735428
Q4890967,P31,Q5
Q4890967,P21,Q6581097
Q4890967,P27,Q29
Q4890967,P106,Q36180
Q4890967,P106,Q1930187
Q4890967,P1412,Q1321
Q4890967,P735,Q16741111
Q281722,P31,Q5
Q281722,P21,Q6581097
Q281722,P54,Q18711
Q281722,P54,Q19593
Q281722,P54,Q19500
Q281722,P54,Q1090661
Q281722,P19,Q34779
Q281722,P27,Q145
Q281722,P106,Q937857
Q281722,P106,Q201330
Q281722,P735,Q5254911
Q281722,P734,Q1688722
Q446063,P21,Q6581072
Q446063,P106,Q33999
Q446063,P31,Q5
Q446063,P19,Q34932
Q446063,P27,Q408
Q446063,P735,Q564684
Q446063,P734,Q19776313
Q3133118,P106,Q3391743
Q3133118,P106,Q1028181
Q3133118,P106,Q42973
Q3133118,P166,Q1316544
Q3133118,P31,Q5
Q3133118,P69,Q835960
Q3133118,P21,Q6581097
Q3133118,P27,Q155
Q3133118,P735,Q1951683
Q3133118,P19,Q174
Q321498,P21,Q6581097
Q321498,P19,Q270
Q321498,P20,Q761
Q321498,P31,Q5
Q321498,P27,Q36
Q321498,P734,Q2403450
Q321498,P735,Q19818098
Q1670319,P21,Q6581097
Q1670319,P27,Q30
Q1670319,P31,Q5
Q1670319,P553,Q918
Q1670319,P735,Q2165388
Q1670319,P106,Q130857
Q1670319,P106,Q183945
Q13408985,P53,Q714013
Q13408985,P22,Q13408980
Q13408985,P7,Q13408988
Q13408985,P97,Q13408970
Q13408985,P21,Q6581097
Q13408985,P31,Q5
Q6729031,P196,Q2179
Q6729031,P61,Q457312
Q6729031,P65,Q1610198
Q6729031,P155,Q6729017
Q6729031,P156,Q6729045
Q6729031,P31,Q3863
Q5995821,P102,Q682969
Q5995821,P69,Q222738
Q5995821,P31,Q5
Q5995821,P21,Q6581097
Q5995821,P27,Q96
Q5995821,P106,Q82955
Q5995821,P735,Q2372965
Q1683041,P21,Q6581097
Q1683041,P19,Q10704
Q1683041,P20,Q10704
Q1683041,P31,Q5
Q1683041,P106,Q1281618
Q1683041,P27,Q35
Q14946878,P69,Q35794
Q14946878,P31,Q5
Q14946878,P21,Q6581097
Q14946878,P106,Q1792450
Q14946878,P735,Q4925477
Q14946878,P27,Q145
Q3596230,P19,Q2634
Q3596230,P31,Q5
Q3596230,P21,Q6581097
Q3596230,P735,Q12795232
Q3596230,P27,Q38
Q3596230,P106,Q2252262
Q7708651,P31,Q5
Q7708651,P21,Q6581097
Q7708651,P102,Q847263
Q7708651,P735,Q18121215
Q7708651,P106,Q82955
Q7708651,P39,Q19953703
Q2214244,P61,Q312755
Q2214244,P196,Q8101032
Q2214244,P65,Q151991
Q2214244,P155,Q5188276
Q2214244,P156,Q5188302
Q2214244,P31,Q3863
Q689630,P31,Q11424
Q689630,P161,Q115201
Q689630,P161,Q233563
Q689630,P161,Q5181301
Q689630,P161,Q511554
Q689630,P161,Q272518
Q689630,P161,Q287824
Q689630,P495,Q142
Q689630,P495,Q183
Q689630,P364,Q1860
Q689630,P915,Q365
Q11358699,P31,Q5
Q11358699,P106,Q10871364
Q11358699,P735,Q1388267
Q11358699,P19,Q34664
Q11358699,P27,Q17
Q11358699,P21,Q6581097
Q18812274,P31,Q5
Q18812274,P21,Q6581097
Q18812274,P19,Q490
Q18812274,P27,Q38
Q18812274,P106,Q188094
Q18812274,P735,Q18177306
Q7429000,P31,Q11424
Q7429000,P57,Q2837752
Q7429000,P161,Q313546
Q7429000,P161,Q76711
Q7429000,P161,Q976729
Q7429000,P161,Q15707252
Q7429000,P136,Q182015
Q7429000,P364,Q1860
Q576813,P21,Q6581097
Q576813,P31,Q5
Q576813,P27,Q36
Q576813,P735,Q187837
Q576813,P136,Q8341
Q576813,P106,Q584301
Q4977043,P31,Q5
Q4977043,P19,Q1384
Q4977043,P21,Q6581097
Q4977043,P27,Q30
Q4977043,P69,Q270222
Q4977043,P735,Q579371
Q4977043,P106,Q5482740
Q11582237,P31,Q5
Q11582237,P734,Q411576
Q11582237,P735,Q16290399
Q11582237,P106,Q33999
Q11582237,P27,Q17
Q11582237,P19,Q642018
Q3644590,P31,Q5
Q3644590,P21,Q6581072
Q3644590,P19,Q43382
Q3644590,P27,Q145
Q3644590,P106,Q177220
Q3644590,P735,Q913810
Q3644590,P1303,Q9798
Q19911603,P195,Q160236
Q19911603,P276,Q160236
Q19911603,P31,Q3305213
Q19911603,P170,Q183221
Q19911603,P186,Q296955
Q19911603,P186,Q4259259
Q1383167,P21,Q6581097
Q1383167,P19,Q993942
Q1383167,P27,Q183
Q1383167,P31,Q5
Q1383167,P106,Q42973
Q1383167,P734,Q165228
Q1383167,P735,Q1457168
Q1383167,P937,Q1055
Q2525731,P21,Q6581097
Q2525731,P106,Q82955
Q2525731,P27,Q668
Q2525731,P31,Q5
Q2525731,P19,Q1925021
Q2525731,P69,Q1145306
Q2525731,P20,Q21
Q2525731,P135,Q3935373
Q2525731,P737,Q196546
Q2525731,P737,Q392835
Q1903364,P21,Q6581097
Q1903364,P31,Q5
Q1903364,P27,Q183
Q1903364,P735,Q18002399
Q1903364,P106,Q482980
Q1903364,P106,Q644687
Q1903364,P19,Q1718
Q1903364,P937,Q2066
Q1903364,P937,Q1718
Q1627240,P119,Q831322
Q1627240,P21,Q6581097
Q1627240,P20,Q1486
Q1627240,P27,Q414
Q1627240,P31,Q5
Q1627240,P106,Q40348
Q1627240,P106,Q193391
Q1627240,P106,Q82955
Q1627240,P106,Q937857
Q1627240,P108,Q194223
Q1627240,P69,Q194223
Q1627240,P102,Q123585
Q17626529,P31,Q5
Q17626529,P21,Q6581097
Q17626529,P735,Q2958359
Q17626529,P106,Q14128148
Q17626529,P54,Q8027119
Q17626529,P27,Q30
Q1279753,P21,Q6581097
Q1279753,P27,Q27
Q1279753,P31,Q5
Q1279753,P39,Q654291
Q1279753,P39,Q18043391
Q1279753,P106,Q82955
Q1279753,P735,Q18002623
Q438269,P21,Q6581072
Q438269,P106,Q33999
Q438269,P19,Q34932
Q438269,P31,Q5
Q438269,P27,Q408
Q438269,P735,Q13585060
Q371572,P21,Q6581097
Q371572,P106,Q2066131
Q371572,P106,Q13381376
Q371572,P27,Q41
Q371572,P172,Q539051
Q371572,P31,Q5
Q371572,P19,Q1524
Q371572,P1344,Q8080
Q371572,P1344,Q8088
Q371572,P735,Q999374
Q5391884,P57,Q5392018
Q5391884,P31,Q11424
Q5391884,P161,Q7846859
Q5391884,P136,Q93204
Q5391884,P921,Q11788
Q5391884,P364,Q1860
Q770525,P106,Q937857
Q770525,P19,Q12892
Q770525,P31,Q5
Q770525,P21,Q6581097
Q770525,P27,Q31
Q770525,P735,Q14775914
Q770525,P641,Q2736
Q215124,P21,Q6581097
Q215124,P31,Q5
Q215124,P19,Q502710
Q215124,P106,Q11631
Q215124,P106,Q169470
Q215124,P166,Q318770
Q215124,P166,Q10905334
Q215124,P166,Q445673
Q215124,P27,Q183
Q215124,P27,Q16957
Q215124,P735,Q1481253
Q953478,P131,Q539424
Q953478,P36,Q274589
Q953478,P17,Q142
Q953478,P31,Q184188
Q953478,P150,Q274589
Q953478,P150,Q274736
Q953478,P150,Q326527
Q953478,P150,Q367694
Q953478,P150,Q370352
Q953478,P150,Q429411
Q953478,P150,Q545447
Q953478,P150,Q624274
Q953478,P150,Q635249
Q953478,P150,Q635442
Q953478,P150,Q635466
Q953478,P910,Q9556271
Q6984188,P21,Q6581097
Q6984188,P69,Q81153
Q6984188,P31,Q5
Q6984188,P106,Q33231
Q6984188,P106,Q2526255
Q6984188,P106,Q3282637
Q6984188,P27,Q30
Q6984188,P735,Q17442682
Q4248414,P21,Q6581097
Q4248414,P31,Q5
Q4248414,P19,Q656
Q4248414,P20,Q1899
Q4248414,P166,Q278798
Q4248414,P166,Q337463
Q4248414,P166,Q185493
Q4248414,P166,Q178473
Q4248414,P166,Q18080149
Q4248414,P410,Q104680
Q4248414,P735,Q12233911
Q4248414,P27,Q15180
Q2544133,P21,Q6581097
Q2544133,P31,Q5
Q2544133,P106,Q2374149
Q2544133,P106,Q482980
Q2544133,P27,Q183
Q2544133,P735,Q499249
Q2544133,P19,Q157598
Q8978952,P31,Q5
Q8978952,P21,Q6581072
Q8978952,P734,Q947991
Q8978952,P735,Q9163133
Q8978952,P106,Q33999
Q8978952,P106,Q622807
Q8978952,P19,Q1490
Q8978952,P27,Q17
Q565358,P21,Q6581072
Q565358,P31,Q5
Q565358,P106,Q39631
Q565358,P106,Q1540278
Q565358,P106,Q482980
Q565358,P106,Q18814623
Q565358,P22,Q7792631
Q565358,P27,Q21
Q565358,P103,Q1860
Q565358,P26,Q6281308
Q565358,P735,Q564684
Q6138979,P106,Q937857
Q6138979,P21,Q6581097
Q6138979,P31,Q5
Q6138979,P54,Q822722
Q6138979,P735,Q677191
Q6138979,P734,Q17744604
Q6138979,P27,Q145
Q7405277,P31,Q5
Q7405277,P21,Q6581072
Q7405277,P69,Q1161297
Q7405277,P69,Q3056813
Q7405277,P108,Q1161297
Q7405277,P735,Q19816532
Q1543225,P21,Q6581097
Q1543225,P106,Q10833314
Q1543225,P31,Q5
Q1543225,P19,Q34647
Q1543225,P27,Q258
Q1543225,P735,Q2549909
Q1962150,P31,Q11424
Q1962150,P57,Q703492
Q1962150,P161,Q83492
Q1962150,P161,Q102711
Q1962150,P161,Q271763
Q1962150,P161,Q4212
Q1962150,P161,Q204299
Q1962150,P161,Q498420
Q1962150,P161,Q1396699
Q1962150,P161,Q3568545
Q1962150,P364,Q1860
Q1962150,P344,Q368085
Q1962150,P495,Q30
Q720124,P21,Q6581097
Q720124,P27,Q30
Q720124,P241,Q11220
Q720124,P106,Q189290
Q720124,P106,Q11631
Q720124,P31,Q5
Q720124,P166,Q1754110
Q720124,P166,Q17231624
Q720124,P166,Q980090
Q720124,P19,Q16739
Q720124,P69,Q49108
Q720124,P69,Q49120
Q720124,P735,Q3273004
Q720124,P361,Q986520
Q720124,P450,Q734688
Q720124,P450,Q703042
Q720124,P450,Q752766
Q928631,P279,Q174736
Q928631,P31,Q559026
Q928631,P910,Q6432964
Q928631,P176,Q657784
Q928631,P137,Q11220
Q928631,P138,Q4301093
Q3619766,P21,Q6581097
Q3619766,P31,Q5
Q3619766,P735,Q7141520
Q3619766,P27,Q38
Q3619766,P19,Q80896
Q3619766,P106,Q131524
Q14040496,P17,Q148
Q14040496,P131,Q1200078
Q14040496,P150,Q14040493
Q14040496,P150,Q14040502
Q14040496,P150,Q14040504
Q14040496,P150,Q14040507
Q14040496,P150,Q14040511
Q14040496,P150,Q14040513
Q14040496,P150,Q14040517
Q14040496,P150,Q14040521
Q14040496,P150,Q14040523
Q14040496,P31,Q1500350
Q324355,P21,Q6581097
Q324355,P31,Q5
Q324355,P27,Q183
Q324355,P735,Q18177026
Q324355,P1344,Q8444
Q324355,P1344,Q8438
Q324355,P106,Q10843263
Q137327,P61,Q77026
Q137327,P155,Q137303
Q137327,P156,Q137334
Q137327,P65,Q27115
Q137327,P138,Q105415
Q137327,P196,Q2179
Q137327,P31,Q3863
Q11081270,P17,Q148
Q11081270,P131,Q1152659
Q11081270,P150,Q14173597
Q11081270,P150,Q14173599
Q11081270,P150,Q14173600
Q11081270,P150,Q14173601
Q11081270,P150,Q14173602
Q11081270,P150,Q14173603
Q11081270,P31,Q1500350
Q680732,P21,Q6581097
Q680732,P19,Q326295
Q680732,P27,Q30
Q680732,P106,Q82955
Q680732,P39,Q13218630
Q680732,P39,Q18342769
Q680732,P31,Q5
Q680732,P735,Q18002322
Q680732,P102,Q29552
Q3763123,P31,Q5
Q3763123,P21,Q6581097
Q3763123,P19,Q52240
Q3763123,P20,Q2044
Q3763123,P735,Q1154452
Q3763123,P27,Q38
Q3763123,P106,Q1930187
Q3230469,P31,Q11424
Q3230469,P57,Q55394
Q3230469,P364,Q150
Q3230469,P58,Q356537
Q3230469,P161,Q663553
Q3230469,P161,Q451649
Q3230469,P161,Q343037
Q3230469,P161,Q1431969
Q3230469,P161,Q214813
Q3230469,P161,Q2900267
Q3230469,P161,Q1508842
Q3230469,P161,Q524300
Q3230469,P161,Q3157485
Q3230469,P161,Q3173814
Q3230469,P161,Q1893008
Q3230469,P161,Q113713
Q3230469,P495,Q142
Q3230469,P915,Q45
Q1372074,P21,Q6581097
Q1372074,P106,Q488205
Q1372074,P106,Q639669
Q1372074,P106,Q177220
Q1372074,P106,Q753110
Q1372074,P31,Q5
Q1372074,P19,Q499927
Q1372074,P27,Q30
Q1372074,P735,Q18328013
Q11516935,P31,Q5
Q11516935,P106,Q10871364
Q11516935,P734,Q420440
Q11516935,P735,Q16275888
Q11516935,P19,Q123258
Q11516935,P21,Q6581097
Q11516935,P27,Q17
Q552909,P19,Q2005140
Q552909,P21,Q6581097
Q552909,P31,Q5
Q552909,P27,Q155
Q552909,P641,Q542
Q552909,P1344,Q8577
Q552909,P735,Q1310869
Q5195274,P921,Q193279
Q5195274,P31,Q571
Q5195274,P364,Q1860
Q5195274,P50,Q6456226
Q5195274,P123,Q5654997
Q5195274,P136,Q1233720
Q5195274,P136,Q192239
Q5195274,P840,Q100
Q5195274,P156,Q7883332
Q4374239,P21,Q6581097
Q4374239,P31,Q5
Q4374239,P166,Q185493
Q4374239,P166,Q208167
Q4374239,P27,Q15180
Q4374239,P27,Q159
Q14918446,P31,Q5
Q14918446,P21,Q6581097
Q14918446,P19,Q16555
Q14918446,P734,Q535214
Q14918446,P27,Q30
Q14918446,P735,Q18057751
Q1691027,P21,Q6581097
Q1691027,P31,Q5
Q1691027,P27,Q183
Q1691027,P108,Q153006
Q1691027,P108,Q168426
Q1691027,P106,Q3621491
Q1691027,P106,Q1350189
Q1691027,P463,Q695302
Q1691027,P512,Q849697
Q67300,P17,Q39
Q67300,P31,Q70208
Q67300,P131,Q12640
Q67300,P131,Q660688
Q67300,P1456,Q14537003
Q67300,P910,Q8972394
Q557272,P21,Q6581097
Q557272,P19,Q172455
Q557272,P106,Q33999
Q557272,P106,Q2526255
Q557272,P106,Q28389
Q557272,P31,Q5
Q557272,P27,Q142
Q557272,P735,Q4928254
Q557272,P22,Q20011897
Q1370515,P21,Q6581097
Q1370515,P31,Q5
Q1370515,P27,Q39
Q1370515,P166,Q10905380
Q1370515,P108,Q153987
Q1370515,P735,Q471788
Q1370515,P106,Q17167049
Q1680308,P21,Q6581097
Q1680308,P19,Q385335
Q1680308,P20,Q2135
Q1680308,P27,Q16
Q1680308,P31,Q5
Q1680308,P39,Q6544420
Q1680308,P735,Q677191
Q1680308,P106,Q131512
Q108091,P21,Q6581097
Q108091,P19,Q123511
Q108091,P20,Q3857
Q108091,P27,Q183
Q108091,P607,Q361
Q108091,P607,Q362
Q108091,P31,Q5
Q108091,P166,Q10905380
Q108091,P166,Q17412908
Q108091,P166,Q165558
Q108091,P166,Q555104
Q108091,P735,Q1158489
Q108091,P106,Q189290
Q11180052,P17,Q148
Q11180052,P131,Q1152929
Q11180052,P150,Q14177321
Q11180052,P150,Q14177322
Q11180052,P150,Q14177324
Q11180052,P150,Q14177325
Q11180052,P150,Q14177327
Q11180052,P31,Q1500350
Q2074301,P21,Q6581072
Q2074301,P31,Q5
Q2074301,P19,Q194081
Q2074301,P27,Q38
Q2074301,P106,Q177220
Q2074301,P106,Q36834
Q2074301,P735,Q3765201
Q1623709,P21,Q6581097
Q1623709,P19,Q1794
Q1623709,P20,Q18863
Q1623709,P27,Q183
Q1623709,P31,Q5
Q1623709,P108,Q153006
Q1623709,P108,Q152171
Q1623709,P108,Q151510
Q1623709,P108,Q54096
Q1623709,P106,Q13570226
Q1623709,P735,Q1249148
Q1623709,P463,Q459620
Q1623709,P937,Q2966
Q16738853,P106,Q1630100
Q16738853,P106,Q376924
Q16738853,P31,Q5
Q16738853,P21,Q6581072
Q16738853,P551,Q641
Q16738853,P735,Q4851436
Q3173985,P166,Q10855271
Q3173985,P166,Q11593374
Q3173985,P21,Q6581097
Q3173985,P31,Q5
Q3173985,P27,Q142
Q3173985,P735,Q7521081
Q12034159,P21,Q6581072
Q12034159,P19,Q10817782
Q12034159,P31,Q5
Q12034159,P27,Q213
Q12034159,P106,Q4610556
Q12034159,P735,Q1617357
Q32732,P25,Q18213412
Q32732,P21,Q6581072
Q32732,P27,Q843
Q32732,P22,Q8071389
Q32732,P166,Q35637
Q32732,P166,Q48786
Q32732,P166,Q2316171
Q32732,P166,Q498339
Q32732,P166,Q6974223
Q32732,P166,Q19819818
Q32732,P166,Q27028
Q32732,P166,Q936956
Q32732,P166,Q20204999
Q32732,P166,Q7182737
Q32732,P166,Q727193
Q32732,P31,Q5
Q32732,P19,Q31356
Q32732,P910,Q8600571
Q32732,P140,Q483654
Q32732,P140,Q432
Q32732,P172,Q2556103
Q32732,P106,Q8246794
Q32732,P106,Q1476215
Q32732,P106,Q11774156
Q4943496,P31,Q893035
Q4943496,P31,Q1144661
Q4943496,P361,Q3570037
Q4943496,P17,Q30
Q4943496,P131,Q1581
Q4943496,P279,Q2389789
Q267335,P21,Q6581072
Q267335,P27,Q801
Q267335,P102,Q239951
Q267335,P31,Q5
Q267335,P19,Q2389508
Q267335,P19,Q33935
Q267335,P166,Q616568
Q267335,P166,Q616568
Q267335,P166,Q31696
Q267335,P166,Q1335762
Q267335,P39,Q20021270
Q267335,P39,Q15733044
Q267335,P39,Q15733044
Q267335,P39,Q4047513
Q267335,P39,Q4047513
Q267335,P106,Q82955
Q267335,P20,Q33935
Q267335,P735,Q19987305
Q267335,P1412,Q1860
Q19394767,P31,Q5
Q19394767,P21,Q6581072
Q19394767,P19,Q641
Q19394767,P20,Q220
Q19394767,P734,Q2636620
Q19394767,P27,Q38
Q6393007,P179,Q83279
Q6393007,P57,Q2820091
Q6393007,P58,Q1022489
Q6393007,P58,Q3306614
Q6393007,P156,Q3298496
Q6393007,P31,Q1983062
Q1768893,P21,Q6581097
Q1768893,P19,Q3936
Q1768893,P20,Q3126
Q1768893,P27,Q183
Q1768893,P31,Q5
Q1768893,P102,Q7320
Q1768893,P607,Q361
Q1768893,P106,Q82955
Q1768893,P39,Q17856046
Q1768893,P39,Q30185
Q1768893,P735,Q15635254
Q16530741,P641,Q300920
Q16530741,P859,Q248
Q16530741,P859,Q152864
Q16530741,P859,Q4041408
Q16530741,P859,Q372471
Q16530741,P859,Q4555537
Q6532663,P175,Q271100
Q6532663,P264,Q2576206
Q6532663,P264,Q21077
Q6532663,P31,Q482994
Q6532663,P155,Q4942260
Q6532663,P156,Q6316528
Q7790324,P19,Q28603
Q7790324,P20,Q43668
Q7790324,P31,Q5
Q7790324,P21,Q6581097
Q7790324,P27,Q81931
Q7790324,P27,Q30
Q7790324,P735,Q18002322
Q4587623,P21,Q6581097
Q4587623,P31,Q5
Q4587623,P27,Q20
Q4587623,P106,Q42603
Q4587623,P19,Q500227
Q4587623,P735,Q4570864
Q1705056,P21,Q6581097
Q1705056,P19,Q1741
Q1705056,P20,Q1741
Q1705056,P31,Q5
Q1705056,P106,Q1028181
Q1705056,P27,Q40
Q1705056,P735,Q471788
Q1705056,P937,Q1741
Q1995326,P175,Q309843
Q1995326,P175,Q161877
Q1995326,P31,Q134556
Q1995326,P264,Q1337601
Q1995326,P264,Q654283
Q1995326,P155,Q2605430
Q1995326,P155,Q3990924
Q1995326,P156,Q2605042
Q11486210,P27,Q1154406
Q11486210,P27,Q17
Q11486210,P21,Q6581072
Q11486210,P40,Q349452
Q11486210,P26,Q380623
Q11486210,P31,Q5
Q11486210,P735,Q4803426
Q7531164,P31,Q571
Q7531164,P123,Q744182
Q7531164,P155,Q5137778
Q7531164,P155,Q4839154
Q7531164,P364,Q1860
Q7531164,P50,Q3516315
Q104296,P21,Q6581097
Q104296,P19,Q61912
Q104296,P20,Q2079
Q104296,P27,Q183
Q104296,P31,Q5
Q104296,P735,Q1158570
Q104296,P108,Q317053
Q104296,P106,Q37226
Q104296,P937,Q61912
Q104296,P937,Q1040
Q104296,P937,Q3834
Q104296,P1343,Q678259
Q104296,P1343,Q19180675
Q104296,P1343,Q602358
Q1772423,P20,Q6397
Q1772423,P19,Q191085
Q1772423,P21,Q6581097
Q1772423,P31,Q5
Q1772423,P39,Q49476
Q1772423,P27,Q142
Q1772423,P106,Q42603
Q1772423,P106,Q4964182
Q1772423,P106,Q193391
Q1772423,P735,Q15921764
Q11453166,P31,Q5
Q11453166,P106,Q10871364
Q11453166,P734,Q6884411
Q11453166,P735,Q1389565
Q11453166,P21,Q6581097
Q11453166,P19,Q200603
Q11453166,P27,Q17
Q4428380,P21,Q6581097
Q4428380,P106,Q36180
Q4428380,P106,Q28389
Q4428380,P19,Q105243
Q4428380,P69,Q1851014
Q4428380,P7,Q787038
Q4428380,P31,Q5
Q3107767,P21,Q6581072
Q3107767,P31,Q5
Q3107767,P19,Q1489
Q3107767,P106,Q270389
Q3107767,P106,Q1930187
Q3107767,P166,Q123737
Q3107767,P27,Q30
Q3107767,P735,Q2624318
Q5864506,P179,Q83401
Q5864506,P57,Q2351528
Q5864506,P58,Q319389
Q5864506,P155,Q6054836
Q5864506,P156,Q5054700
Q5864506,P31,Q1983062
Q1147544,P21,Q6581097
Q1147544,P19,Q1026436
Q1147544,P31,Q5
Q1147544,P119,Q1069835
Q1147544,P156,Q716839
Q1147544,P155,Q717086
Q1147544,P20,Q1069835
Q1147544,P27,Q668
Q1147544,P106,Q333634
Q1147544,P40,Q716839
Q3270961,P20,Q90
Q3270961,P31,Q5
Q3270961,P21,Q6581097
Q3270961,P27,Q142
Q3270961,P1412,Q150
Q3270961,P19,Q898114
Q3270961,P735,Q17781870
Q823912,P21,Q6581097
Q823912,P106,Q33999
Q823912,P31,Q5
Q823912,P27,Q183
Q823912,P735,Q823205
Q823912,P19,Q11293
Q3919066,P54,Q268776
Q3919066,P54,Q187326
Q3919066,P54,Q192597
Q3919066,P54,Q309059
Q3919066,P54,Q867876
Q3919066,P106,Q937857
Q3919066,P31,Q5
Q3919066,P19,Q4093
Q3919066,P21,Q6581097
Q3919066,P735,Q7626248
Q3919066,P27,Q145
Q2537556,P36,Q12123431
Q2537556,P17,Q218
Q2537556,P31,Q659103
Q2537556,P131,Q188948
Q2537556,P1383,Q12123431
Q2537556,P1383,Q12111510
Q2537556,P1383,Q12158628
Q75738,P119,Q643891
Q75738,P21,Q6581097
Q75738,P19,Q1711
Q75738,P20,Q64
Q75738,P27,Q183
Q75738,P31,Q5
Q75738,P166,Q94145
Q75738,P166,Q93732
Q75738,P106,Q189290
Q4894408,P19,Q331764
Q4894408,P31,Q5
Q4894408,P21,Q6581097
Q4894408,P106,Q13414980
Q4894408,P54,Q958369
Q4894408,P27,Q408
Q4894408,P735,Q16275030
Q8064980,P21,Q6581097
Q8064980,P31,Q5
Q8064980,P106,Q33999
Q8064980,P106,Q1028181
Q8064980,P106,Q483501
Q8064980,P27,Q30
Q8064980,P734,Q1158446
Q1330357,P21,Q6581072
Q1330357,P31,Q5
Q1330357,P27,Q183
Q1330357,P106,Q82955
Q1330357,P735,Q17524931
Q1330357,P102,Q49766
Q1330357,P39,Q17441472
Q96877,P21,Q6581097
Q96877,P19,Q717774
Q96877,P20,Q60
Q96877,P27,Q183
Q96877,P27,Q36
Q96877,P31,Q5
Q96877,P106,Q15059856
Q96877,P108,Q154804
Q96877,P108,Q315658
Q96877,P108,Q155354
Q96877,P735,Q3480335
Q11107316,P17,Q148
Q11107316,P131,Q1196502
Q11107316,P150,Q13713967
Q11107316,P150,Q13713973
Q11107316,P150,Q13713976
Q11107316,P150,Q13713980
Q11107316,P150,Q13713983
Q11107316,P150,Q13713987
Q11107316,P150,Q13713991
Q11107316,P150,Q13713995
Q11107316,P150,Q13713999
Q11107316,P150,Q13714002
Q11107316,P150,Q13714005
Q11107316,P150,Q13714010
Q11107316,P150,Q13714012
Q11107316,P150,Q13714017
Q11107316,P150,Q13714020
Q11107316,P150,Q13714023
Q11107316,P150,Q13714025
Q11107316,P150,Q13714031
Q11107316,P150,Q13714035
Q11107316,P150,Q13714039
Q11107316,P150,Q13714044
Q11107316,P150,Q13714048
Q11107316,P150,Q13714052
Q11107316,P150,Q13714055
Q11107316,P150,Q13714058
Q11107316,P150,Q13714062
Q11107316,P150,Q13714065
Q11107316,P150,Q13714069
Q11107316,P150,Q13714072
Q11107316,P150,Q13714077
Q11107316,P150,Q13714081
Q11107316,P150,Q13714084
Q11107316,P150,Q13714088
Q11107316,P150,Q13714092
Q11107316,P150,Q13714095
Q11107316,P150,Q13714100
Q11107316,P31,Q1500350
Q2915897,P21,Q6581097
Q2915897,P31,Q5
Q2915897,P27,Q142
Q2915897,P106,Q10873124
Q2915897,P735,Q15921764
Q2915897,P19,Q40898
Q123567,P131,Q16114
Q123567,P17,Q38
Q123567,P47,Q123540
Q123567,P47,Q123866
Q123567,P47,Q123965
Q123567,P47,Q124593
Q123567,P47,Q124951
Q123567,P421,Q6655
Q123567,P31,Q747074
Q449289,P19,Q71104
Q449289,P20,Q2833
Q449289,P21,Q6581097
Q449289,P31,Q5
Q449289,P106,Q14467526
Q449289,P106,Q482980
Q449289,P106,Q333634
Q449289,P166,Q10905334
Q449289,P166,Q10905334
Q449289,P735,Q4925932
Q449289,P27,Q183
Q742624,P364,Q150
Q742624,P50,Q192214
Q742624,P50,Q206685
Q742624,P31,Q2831984
Q742624,P179,Q42490
Q742624,P155,Q1510188
Q742624,P156,Q1194700
Q742624,P674,Q7620503
Q3435640,P19,Q90
Q3435640,P106,Q82955
Q3435640,P102,Q192821
Q3435640,P27,Q142
Q3435640,P21,Q6581097
Q3435640,P20,Q191754
Q3435640,P31,Q5
Q3435640,P39,Q16886136
Q3435640,P735,Q4927937
Q512528,P17,Q35
Q512528,P131,Q26067
Q512528,P910,Q7942097
Q512528,P31,Q2177636
Q512528,P6,Q15223211
Q512528,P36,Q927713
Q512528,P1456,Q12312436
Q764398,P25,Q1452201
Q764398,P22,Q151098
Q764398,P21,Q6581097
Q764398,P27,Q38
Q764398,P27,Q142
Q764398,P19,Q220
Q764398,P20,Q621
Q764398,P26,Q3588121
Q764398,P31,Q5
Q764398,P40,Q3175994
Q764398,P166,Q10855195
Q764398,P39,Q3044918
Q764398,P53,Q112581
Q764398,P106,Q82955
Q764398,P735,Q2093070
Q764398,P1412,Q150
Q15633578,P31,Q35127
Q15633578,P31,Q14827288
Q15633578,P31,Q15633582
Q15633578,P275,Q284742
Q15633578,P127,Q180
Q15633578,P408,Q83
Q117050,P21,Q6581097
Q117050,P31,Q5
Q117050,P19,Q70167
Q117050,P27,Q39
Q117050,P106,Q937857
Q117050,P106,Q42973
Q117050,P106,Q201330
Q117050,P735,Q18001597
Q15450517,P106,Q1281618
Q15450517,P31,Q5
Q15450517,P21,Q6581097
Q15450517,P735,Q18011418
Q15450517,P27,Q183
Q15450517,P937,Q16096
Q15450517,P937,Q539693
Q15450517,P512,Q849697
Q619328,P21,Q6581072
Q619328,P106,Q33999
Q619328,P106,Q639669
Q619328,P106,Q177220
Q619328,P31,Q5
Q619328,P27,Q30
Q619328,P136,Q37073
Q6218684,P69,Q160302
Q6218684,P31,Q5
Q6218684,P21,Q6581097
Q6218684,P735,Q4925477
Q6218684,P106,Q82955
Q6218684,P39,Q3305347
Q6218684,P27,Q16
Q1703133,P21,Q6581097
Q1703133,P106,Q28389
Q1703133,P106,Q33999
Q1703133,P27,Q30
Q1703133,P31,Q5
Q1703133,P19,Q1144835
Q1703133,P735,Q1158394
Q548278,P1365,Q7598175
Q548278,P1365,Q5086790
Q548278,P31,Q5225895
Q548278,P910,Q8810048
Q548278,P159,Q84
Q548278,P414,Q171240
Q548278,P414,Q496672
Q548278,P414,Q638740
Q548278,P414,Q1930860
Q548278,P452,Q837171
Q548278,P155,Q5086790
Q548278,P155,Q5330006
Q3870621,P27,Q38
Q3870621,P19,Q641
Q3870621,P21,Q6581097
Q3870621,P31,Q5
Q3870621,P106,Q15117302
Q3870621,P735,Q19688717
Q85550,P21,Q6581097
Q85550,P31,Q5
Q85550,P19,Q683270
Q85550,P27,Q40
Q85550,P106,Q42603
Q85550,P106,Q1234713
Q85550,P140,Q9592
Q85550,P735,Q7996169
Q15641418,P21,Q6581097
Q15641418,P31,Q5
Q15641418,P106,Q4773904
Q15641418,P19,Q66013
Q15641418,P108,Q214341
Q15641418,P69,Q131252
Q15641418,P735,Q2117521
Q15641418,P27,Q55
Q3694201,P31,Q5
Q3694201,P21,Q6581097
Q3694201,P19,Q157773
Q3694201,P20,Q6761
Q3694201,P735,Q905946
Q3694201,P27,Q38
Q3694201,P106,Q1028181
Q2093075,P21,Q6581097
Q2093075,P19,Q613795
Q2093075,P27,Q1008
Q2093075,P31,Q5
Q2093075,P106,Q42603
Q2093075,P140,Q9592
Q2093075,P39,Q29182
Q2093075,P735,Q18635452
Q11470189,P31,Q5
Q11470189,P106,Q10871364
Q11470189,P734,Q17058704
Q11470189,P19,Q201618
Q11470189,P735,Q7046260
Q11470189,P21,Q6581097
Q11470189,P27,Q17
Q1953570,P21,Q6581097
Q1953570,P27,Q43
Q1953570,P27,Q183
Q1953570,P31,Q5
Q1953570,P106,Q2526255
Q1953570,P106,Q28389
Q1953570,P735,Q2781139
Q13668891,P17,Q148
Q13668891,P131,Q588451
Q13668891,P150,Q13668890
Q13668891,P150,Q13668902
Q13668891,P150,Q13668905
Q13668891,P150,Q13668910
Q13668891,P150,Q13668914
Q13668891,P150,Q13668919
Q13668891,P31,Q735428
Q3438491,P19,Q7880
Q3438491,P106,Q937857
Q3438491,P27,Q142
Q3438491,P21,Q6581097
Q3438491,P31,Q5
Q3438491,P54,Q19601
Q3438491,P735,Q14945158
Q1043798,P61,Q971812
Q1043798,P61,Q684701
Q1043798,P155,Q1082429
Q1043798,P156,Q1082075
Q1043798,P196,Q2179
Q1043798,P31,Q3863
Q3379654,P19,Q340
Q3379654,P21,Q6581097
Q3379654,P102,Q1631384
Q3379654,P69,Q392189
Q3379654,P31,Q5
Q3379654,P27,Q16
Q3379654,P735,Q15727189
Q3379654,P106,Q9385011
Q3379654,P106,Q82955
Q3379654,P39,Q3305338
Q5006371,P21,Q6581097
Q5006371,P241,Q11223
Q5006371,P106,Q189290
Q5006371,P31,Q5
Q5006371,P69,Q49088
Q5006371,P735,Q19803499
Q3796330,P31,Q5
Q3796330,P21,Q6581097
Q3796330,P27,Q38
Q3796330,P19,Q20278
Q3796330,P735,Q2089080
Q3796330,P106,Q611644
Q3796330,P39,Q29182
Q3606476,P31,Q11424
Q3606476,P57,Q697591
Q3606476,P58,Q75576
Q3606476,P58,Q1526178
Q3606476,P58,Q697591
Q3606476,P344,Q348015
Q3606476,P161,Q3905082
Q3606476,P161,Q556400
Q3606476,P161,Q526911
Q3606476,P161,Q697955
Q3606476,P161,Q1396089
Q3606476,P161,Q3735147
Q3606476,P161,Q2528920
Q3606476,P161,Q4009799
Q3606476,P161,Q3218689
Q3606476,P161,Q1356676
Q3606476,P161,Q3886388
Q3606476,P161,Q3769063
Q3606476,P161,Q1039891
Q12724904,P17,Q218
Q12724904,P31,Q659103
Q12724904,P131,Q178861
Q12724904,P36,Q2535310
Q12724904,P1383,Q2535310
Q12724904,P1383,Q12158183
Q2417038,P21,Q6581097
Q2417038,P27,Q39
Q2417038,P31,Q5
Q2417038,P735,Q7062902
Q2417038,P108,Q206702
Q2417038,P19,Q69007
Q2417038,P106,Q37226
Q2417038,P106,Q16267607
Q2417038,P512,Q849697
Q5213602,P21,Q6581097
Q5213602,P31,Q5
Q5213602,P19,Q208257
Q5213602,P106,Q128124
Q5213602,P106,Q183945
Q5213602,P106,Q639669
Q5213602,P106,Q81096
Q5213602,P27,Q145
Q5213602,P735,Q2487038
Q1600796,P21,Q6581097
Q1600796,P19,Q64
Q1600796,P31,Q5
Q1600796,P27,Q16957
Q1600796,P102,Q49750
Q1600796,P102,Q153401
Q1600796,P735,Q11682369
Q1600796,P166,Q18572598
Q12022655,P21,Q6581097
Q12022655,P31,Q5
Q12022655,P20,Q591823
Q12022655,P19,Q1503115
Q12022655,P735,Q13564349
Q12022655,P106,Q1231865
Q12022655,P106,Q36180
Q12022655,P106,Q3621491
Q193342,P17,Q159
Q193342,P131,Q2448
Q193342,P31,Q192287
Q193342,P31,Q515
Q193342,P163,Q4487671
Q193342,P1464,Q8070520
Q193342,P1465,Q15105316
Q193342,P1792,Q7925933
Q193342,P910,Q9777029
Q193342,P1376,Q733829
Q37098,P21,Q6581097
Q37098,P40,Q3623041
Q37098,P40,Q37063
Q37098,P26,Q2579326
Q37098,P22,Q37067
Q37098,P25,Q2774126
Q37098,P20,Q17151
Q37098,P31,Q5
Q37098,P53,Q207585
Q37098,P19,Q16869
Q37098,P27,Q12544
Q37098,P735,Q14626626
Q37098,P735,Q4927524
Q37098,P7,Q389345
Q37098,P9,Q469013
Q3361816,P102,Q138345
Q3361816,P31,Q5
Q3361816,P21,Q6581097
Q3361816,P27,Q16
Q3361816,P39,Q15964890
Q3361816,P39,Q18524027
Q3361816,P106,Q40348
Q3361816,P106,Q82955
Q6140059,P19,Q49241
Q6140059,P20,Q747599
Q6140059,P31,Q5
Q6140059,P21,Q6581097
Q6140059,P735,Q677191
Q6140059,P27,Q30
Q8006618,P31,Q5
Q8006618,P21,Q6581097
Q8006618,P27,Q30
Q8006618,P106,Q40348
Q8006618,P106,Q16533
Q8006618,P106,Q82955
Q8006618,P735,Q14371254
Q8006618,P39,Q18180908
Q7425926,P31,Q11424
Q7425926,P161,Q26168
Q7425926,P136,Q93204
Q7425926,P136,Q1067324
Q7425926,P915,Q62
Q7425926,P364,Q1860
Q440088,P21,Q6581072
Q440088,P19,Q12110
Q440088,P20,Q15626
Q440088,P27,Q29
Q440088,P31,Q5
Q440088,P735,Q847179
Q440088,P106,Q191808
Q1709655,P21,Q6581097
Q1709655,P31,Q5
Q1709655,P735,Q2190619
Q1709655,P39,Q19966812
Q1709655,P106,Q82955
Q1709655,P27,Q574
Q11429134,P31,Q5
Q11429134,P21,Q6581097
Q11429134,P735,Q2293011
Q11429134,P106,Q33999
Q11429134,P106,Q622807
Q11429134,P19,Q35581
Q1261143,P21,Q6581072
Q1261143,P31,Q5
Q1261143,P27,Q183
Q1261143,P166,Q1534196
Q1261143,P106,Q1930187
Q1261143,P106,Q482980
Q1261143,P735,Q17561028
Q13796375,P21,Q6581097
Q13796375,P31,Q5
Q13796375,P27,Q155
Q13796375,P19,Q7162811
Q13796375,P20,Q40706
Q13796375,P509,Q132821
Q13796375,P106,Q177220
Q13796375,P106,Q36834
Q5395066,P21,Q6581097
Q5395066,P31,Q5
Q5395066,P106,Q2374149
Q5395066,P19,Q24879
Q5395066,P20,Q24879
Q5395066,P735,Q292691
Q1285234,P21,Q6581097
Q1285234,P31,Q5
Q1285234,P106,Q177220
Q1285234,P735,Q17854733
Q1285234,P27,Q225
Q1285234,P119,Q1262136
Q2281384,P54,Q2049635
Q2281384,P54,Q1347220
Q2281384,P106,Q937857
Q2281384,P31,Q5
Q2281384,P21,Q6581097
Q2281384,P509,Q47912
Q5884801,P21,Q6581097
Q5884801,P31,Q5
Q5884801,P102,Q105112
Q5884801,P735,Q18343061
Q5884801,P106,Q82955
Q5884801,P27,Q34
Q4160151,P21,Q6581097
Q4160151,P31,Q5
Q4160151,P20,Q5544755
Q4160151,P69,Q160302
Q4160151,P69,Q192775
Q4160151,P69,Q21578
Q4160151,P106,Q14972848
Q4160151,P106,Q14467526
Q4160151,P106,Q201788
Q4160151,P735,Q4925477
Q4160151,P19,Q4093
Q4160151,P27,Q145
Q2626459,P106,Q937857
Q2626459,P21,Q6581097
Q2626459,P27,Q77
Q2626459,P31,Q5
Q2626459,P19,Q429855
Q2626459,P54,Q170703
Q2626459,P641,Q2736
Q2626459,P1344,Q8577
Q2626459,P735,Q19830577
Q18169364,P31,Q5
Q18169364,P21,Q6581097
Q18169364,P735,Q645734
Q18169364,P106,Q82955
Q18169364,P27,Q96
Q18169364,P39,Q18534310
Q18169364,P102,Q851087
Q18169364,P1412,Q1321
Q1983400,P31,Q5
Q1983400,P106,Q1028181
Q1983400,P27,Q55
Q1983400,P21,Q6581097
Q1983400,P735,Q15727189
Q1983400,P463,Q18508801
Q1983400,P19,Q12892
Q1983400,P101,Q191163
Q1983400,P101,Q170571
Q1809680,P131,Q286787
Q1809680,P17,Q213
Q1809680,P31,Q5153359
Q1809680,P47,Q14960
Q1809680,P47,Q393599
Q1809680,P47,Q915051
Q1809680,P47,Q949253
Q1809680,P47,Q964057
Q1809680,P47,Q1973566
Q3311425,P166,Q13452528
Q3311425,P31,Q5
Q3311425,P21,Q6581072
Q3311425,P1412,Q150
Q3311425,P735,Q15621047
Q3311425,P27,Q142
Q3956268,P21,Q6581097
Q3956268,P31,Q5
Q3956268,P19,Q2119652
Q3956268,P20,Q20090
Q3956268,P27,Q38
Q3956268,P735,Q18061657
Q3519713,P31,Q7889
Q3519713,P136,Q343568
Q3519713,P404,Q208850
Q3519713,P400,Q188642
Q3519713,P400,Q10680
Q3519713,P123,Q580866
Q3519713,P178,Q3817132
Q2939537,P106,Q937857
Q2939537,P31,Q5
Q2939537,P21,Q6581097
Q2939537,P734,Q179205
Q2939537,P27,Q754
Q2939537,P641,Q2736
Q2939537,P735,Q18016458
Q2303080,P31,Q7889
Q2303080,P136,Q828322
Q2303080,P404,Q209075
Q2303080,P404,Q208850
Q2303080,P400,Q23882
Q2303080,P400,Q10683
Q2303080,P400,Q100047
Q2303080,P400,Q99775
Q2303080,P400,Q627302
Q2303080,P400,Q478829
Q2303080,P123,Q14428
Q2303080,P880,Q203315
Q2303080,P178,Q14428
Q243066,P21,Q6581072
Q243066,P166,Q1759974
Q243066,P166,Q1233326
Q243066,P166,Q1360691
Q243066,P166,Q511874
Q243066,P31,Q5
Q243066,P27,Q34
Q243066,P106,Q36180
Q243066,P106,Q6625963
Q243066,P106,Q11774202
Q243066,P106,Q1930187
Q243066,P106,Q4263842
Q243066,P19,Q2942
Q243066,P103,Q9027
Q243066,P735,Q634916
Q7327820,P21,Q6581097
Q7327820,P31,Q5
Q7327820,P106,Q158852
Q7327820,P106,Q36834
Q7327820,P735,Q1249148
Q7327820,P27,Q408
Q7327820,P136,Q1344
Q2969882,P31,Q16560
Q2969882,P31,Q23413
Q2969882,P17,Q142
Q2969882,P131,Q658776
Q2969882,P127,Q1885764
Q2969882,P1435,Q10387575
Q2969882,P1435,Q10387684
Q2969882,P1435,Q10387684
Q18015353,P31,Q5
Q18015353,P21,Q6581097
Q18015353,P19,Q649
Q18015353,P20,Q2423
Q18015353,P27,Q15180
Q18015353,P106,Q937857
Q18015353,P735,Q1294670
Q66117,P17,Q96
Q66117,P421,Q5385
Q66117,P131,Q96
Q66117,P910,Q7146398
Q66117,P31,Q15149663
Q66117,P194,Q5783178
Q66117,P47,Q82112
Q66117,P47,Q79923
Q66117,P47,Q60158
Q66117,P47,Q1489
Q5515915,P31,Q5
Q5515915,P21,Q6581097
Q5515915,P27,Q30
Q5515915,P39,Q17602055
Q5515915,P735,Q4925914
Q5515915,P106,Q82955
Q5106030,P31,Q5
Q5106030,P21,Q6581097
Q5106030,P27,Q30
Q5106030,P106,Q36834
Q5106030,P106,Q12800682
Q5106030,P1303,Q9798
Q5106030,P735,Q339346
Q15793662,P31,Q5
Q15793662,P21,Q6581097
Q15793662,P106,Q33999
Q15793662,P27,Q183
Q15793662,P734,Q46767
Q15793662,P735,Q14639862
Q17278382,P21,Q6581097
Q17278382,P31,Q5
Q17278382,P27,Q183
Q17278382,P735,Q18001597
Q17278382,P106,Q482980
Q17278382,P19,Q1733
Q3548611,P31,Q11424
Q3548611,P495,Q142
Q3548611,P161,Q2831120
Q3548611,P161,Q2831362
Q3548611,P161,Q2831397
Q3548611,P161,Q2848801
Q3548611,P161,Q3579848
Q3548611,P161,Q3094176
Q3548611,P161,Q3104719
Q3548611,P161,Q430942
Q3548611,P161,Q1678045
Q3548611,P161,Q17630669
Q3548611,P161,Q1351000
Q3548611,P161,Q3174023
Q3548611,P161,Q3174713
Q3548611,P161,Q3166223
Q3548611,P161,Q3270500
Q3548611,P161,Q3261897
Q3548611,P161,Q3265443
Q3548611,P161,Q3301108
Q3548611,P161,Q3301369
Q3548611,P161,Q3361647
Q3548611,P161,Q1384327
Q3548611,P161,Q3426452
Q3548611,P161,Q3426710
Q3548611,P161,Q3484562
Q3548611,P161,Q3506155
Q3548611,P161,Q3525769
Q3548611,P161,Q3574231
Q745197,P17,Q142
Q745197,P421,Q6655
Q745197,P131,Q176037
Q745197,P131,Q3131
Q745197,P31,Q484170
Q745197,P47,Q865151
Q745197,P47,Q1062179
Q745197,P47,Q1017923
Q745197,P47,Q1017371
Q745197,P47,Q1016759
Q1702153,P21,Q6581097
Q1702153,P27,Q30
Q1702153,P135,Q213457
Q1702153,P166,Q1316544
Q1702153,P31,Q5
Q1702153,P106,Q49757
Q1702153,P106,Q482980
Q1702153,P69,Q681025
Q1702153,P69,Q880447
Q1702153,P735,Q4925477
Q6749933,P196,Q2179
Q6749933,P61,Q336095
Q6749933,P61,Q231642
Q6749933,P61,Q312255
Q6749933,P65,Q191684
Q6749933,P155,Q6749923
Q6749933,P156,Q7020531
Q6749933,P31,Q3863
Q515190,P31,Q571
Q515190,P50,Q918655
Q515190,P50,Q310341
Q515190,P123,Q1336200
Q515190,P364,Q1860
Q515190,P155,Q978370
Q1360473,P21,Q6581097
Q1360473,P19,Q3869
Q1360473,P20,Q1799
Q1360473,P27,Q183
Q1360473,P31,Q5
Q1360473,P106,Q16533
Q1360473,P735,Q292691
Q1360473,P39,Q18627584
Q1360473,P39,Q18627724
Q1360473,P102,Q694299
Q7004730,P166,Q219578
Q7004730,P166,Q12177470
Q7004730,P102,Q1516976
Q7004730,P31,Q5
Q7004730,P19,Q2081184
Q7004730,P21,Q6581097
Q7004730,P735,Q18809732
Q7004730,P106,Q82955
Q7004730,P27,Q408
Q7004730,P39,Q18912794
Q7004730,P119,Q1574424
Q2060958,P54,Q309095
Q2060958,P54,Q5161645
Q2060958,P54,Q4948119
Q2060958,P54,Q7589555
Q2060958,P54,Q642291
Q2060958,P54,Q457163
Q2060958,P54,Q329812
Q2060958,P54,Q2751893
Q2060958,P54,Q204220
Q2060958,P54,Q5607336
Q2060958,P106,Q937857
Q2060958,P21,Q6581097
Q2060958,P31,Q5
Q2060958,P735,Q4925477
Q2060958,P27,Q30
Q5825473,P31,Q5398426
Q5825473,P495,Q29
Q5825473,P364,Q1321
Q5825473,P136,Q20267837
Q5825473,P58,Q3430280
Q5825473,P449,Q1058461
Q6220866,P21,Q6581097
Q6220866,P27,Q145
Q6220866,P106,Q482980
Q6220866,P106,Q13219447
Q6220866,P106,Q10833314
Q6220866,P26,Q241727
Q6220866,P31,Q5
Q6220866,P19,Q84
Q6220866,P108,Q9531
Q6220866,P735,Q4925477
Q6220866,P69,Q691283
Q19920824,P195,Q160236
Q19920824,P276,Q160236
Q19920824,P31,Q3305213
Q19920824,P186,Q296955
Q19920824,P186,Q4259259
Q19920824,P170,Q535581
Q156806,P22,Q12276850
Q156806,P21,Q6581097
Q156806,P27,Q41
Q156806,P39,Q4377230
Q156806,P39,Q3409203
Q156806,P39,Q3409203
Q156806,P39,Q18915989
Q156806,P39,Q4377230
Q156806,P39,Q4377230
Q156806,P39,Q4377230
Q156806,P39,Q19904300
Q156806,P39,Q20083752
Q156806,P26,Q13548351
Q156806,P102,Q782419
Q156806,P102,Q223153
Q156806,P102,Q3563354
Q156806,P102,Q1371314
Q156806,P106,Q82955
Q156806,P172,Q539051
Q156806,P19,Q2642899
Q156806,P69,Q547867
Q156806,P31,Q5
Q156806,P20,Q1524
Q156806,P166,Q931502
Q156806,P166,Q152337
Q156806,P166,Q7349636
Q156806,P735,Q18759075
Q156806,P1038,Q188978
Q156806,P7,Q17837601
Q156806,P103,Q9129
Q156806,P119,Q579610
Q3119777,P27,Q142
Q3119777,P27,Q45
Q3119777,P106,Q42973
Q3119777,P106,Q1281618
Q3119777,P21,Q6581097
Q3119777,P31,Q5
Q3119777,P735,Q7029481
Q4269113,P106,Q33999
Q4269113,P27,Q30
Q4269113,P21,Q6581072
Q4269113,P19,Q65
Q4269113,P31,Q5
Q4269113,P735,Q665157
Q6725915,P196,Q2179
Q6725915,P61,Q312755
Q6725915,P65,Q459352
Q6725915,P155,Q6725909
Q6725915,P156,Q6725928
Q6725915,P31,Q3863
Q77432,P21,Q6581097
Q77432,P106,Q593644
Q77432,P106,Q11900058
Q77432,P106,Q901402
Q77432,P106,Q15921002
Q77432,P19,Q1501167
Q77432,P20,Q656
Q77432,P27,Q38872
Q77432,P27,Q34266
Q77432,P31,Q5
Q77432,P735,Q11122389
Q77432,P735,Q830350
Q77432,P463,Q543804
Q77432,P463,Q83172
Q77432,P463,Q4345832
Q17491870,P31,Q3305213
Q17491870,P170,Q2579811
Q17491870,P195,Q23402
Q17491870,P186,Q296955
Q17491870,P186,Q4259259
Q17491870,P136,Q191163
Q17491870,P276,Q23402
Q6814003,P54,Q212654
Q6814003,P31,Q5
Q6814003,P21,Q6581097
Q6814003,P106,Q2066131
Q6814003,P735,Q19819800
Q6814003,P734,Q59853
Q5361570,P31,Q5
Q5361570,P27,Q20
Q5361570,P21,Q6581072
Q5361570,P102,Q190219
Q5361570,P106,Q82955
Q5361570,P106,Q193391
Q5361570,P735,Q17524931
Q5361570,P39,Q18713976
Q334081,P21,Q6581097
Q334081,P19,Q29520
Q334081,P20,Q6501000
Q334081,P27,Q29520
Q334081,P106,Q82955
Q334081,P509,Q132821
Q334081,P31,Q5
Q334081,P734,Q1078753
Q728104,P31,Q571
Q728104,P31,Q8261
Q728104,P50,Q43444
Q728104,P364,Q150
Q728104,P136,Q8261
Q728104,P495,Q142
Q5706361,P31,Q571
Q5706361,P50,Q8002745
Q5706361,P155,Q7164368
Q5706361,P156,Q5576911
Q5706361,P156,Q7186368
Q5706361,P364,Q1860
Q3370101,P21,Q6581072
Q3370101,P31,Q5
Q3370101,P27,Q34
Q3370101,P735,Q776529
Q3370101,P69,Q1940803
Q3370101,P106,Q10843402
Q762614,P21,Q6581097
Q762614,P19,Q1861138
Q762614,P20,Q2978
Q762614,P31,Q5
Q762614,P27,Q213
Q762614,P106,Q36834
Q762614,P735,Q2648973
Q762614,P135,Q8361
Q14209934,P17,Q148
Q14209934,P131,Q623454
Q14209934,P150,Q14209933
Q14209934,P150,Q14209940
Q14209934,P150,Q14209945
Q14209934,P150,Q14209947
Q14209934,P150,Q14209951
Q14209934,P150,Q14209955
Q14209934,P150,Q14209958
Q14209934,P150,Q14209962
Q14209934,P150,Q14209966
Q14209934,P150,Q14209969
Q14209934,P150,Q14209974
Q14209934,P150,Q14209979
Q14209934,P150,Q14209984
Q14209934,P150,Q14209993
Q14209934,P150,Q14209997
Q14209934,P150,Q14210003
Q14209934,P150,Q14210007
Q14209934,P150,Q14210013
Q14209934,P150,Q14210024
Q14209934,P150,Q14210036
Q14209934,P150,Q14210039
Q14209934,P150,Q14210046
Q14209934,P150,Q14210048
Q14209934,P31,Q735428
Q6834539,P31,Q5
Q6834539,P21,Q6581097
Q6834539,P19,Q18419
Q6834539,P20,Q38022
Q6834539,P735,Q4927524
Q6834539,P27,Q30
Q6834539,P106,Q13382460
Q6834539,P1344,Q8098
Q877843,P19,Q64
Q877843,P21,Q6581097
Q877843,P20,Q1979246
Q877843,P31,Q5
Q877843,P735,Q18011418
Q877843,P27,Q183
Q877843,P106,Q1028181
Q611457,P21,Q6581097
Q611457,P54,Q54924
Q611457,P54,Q2091720
Q611457,P106,Q3665646
Q611457,P31,Q5
Q611457,P27,Q29
Q611457,P19,Q2807
Q611457,P735,Q14516546
Q5342119,P31,Q5
Q5342119,P21,Q6581097
Q5342119,P106,Q82955
Q5342119,P106,Q193391
Q5342119,P735,Q278835
Q5342119,P27,Q1020
Q3762598,P21,Q6581097
Q3762598,P31,Q5
Q3762598,P19,Q1449
Q3762598,P20,Q1449
Q3762598,P27,Q38
Q3762598,P106,Q49757
Q3762598,P735,Q1522259
Q15974169,P31,Q5
Q15974169,P39,Q3044918
Q15974169,P27,Q142
Q15974169,P21,Q6581097
Q15974169,P735,Q15727982
Q15974169,P1412,Q150
Q15974169,P106,Q82955
Q4859078,P21,Q6581072
Q4859078,P102,Q29552
Q4859078,P31,Q5
Q4859078,P27,Q30
Q4859078,P735,Q153957
Q4859078,P106,Q82955
Q4859078,P39,Q18763331
Q2966360,P19,Q191126
Q2966360,P31,Q5
Q2966360,P27,Q142
Q2966360,P21,Q6581097
Q2966360,P106,Q13415036
Q2966360,P735,Q16274785
Q2966360,P54,Q1022912
Q1378734,P21,Q6581097
Q1378734,P31,Q5
Q1378734,P27,Q733
Q1378734,P106,Q42603
Q1378734,P106,Q1234713
Q1378734,P140,Q9592
Q1378734,P39,Q49476
Q1378734,P39,Q29182
Q1100310,P106,Q937857
Q1100310,P31,Q5
Q1100310,P21,Q6581097
Q1100310,P735,Q18142236
Q1100310,P27,Q28
Q1100310,P19,Q850923
Q1100310,P20,Q189769
Q1100310,P54,Q732885
Q4196266,P21,Q6581097
Q4196266,P31,Q5
Q4196266,P108,Q113788
Q4196266,P27,Q34266
Q4196266,P734,Q16654835
Q4196266,P735,Q42771
Q2126516,P131,Q792883
Q2126516,P17,Q213
Q2126516,P31,Q5153359
Q2126516,P47,Q2619817
Q2126516,P47,Q2626494
Q2126516,P47,Q2696182
Q2126516,P47,Q2696510
Q2126516,P47,Q2652006
Q2126516,P47,Q2538319
Q11178973,P31,Q3305213
Q11178973,P135,Q189458
Q11178973,P170,Q483992
Q11178973,P136,Q2839016
Q11178973,P136,Q40446
Q11178973,P186,Q296955
Q11178973,P186,Q4259259
Q11178973,P495,Q142
Q11178973,P195,Q2058611
Q6653735,P22,Q6653696
Q6653735,P7,Q6653729
Q6653735,P26,Q5374552
Q6653735,P26,Q5374663
Q6653735,P21,Q6581097
Q6653735,P734,Q804970
Q6653735,P31,Q5
Q6653735,P40,Q16260231
Q362100,P21,Q6581097
Q362100,P19,Q14870
Q362100,P27,Q183
Q362100,P31,Q5
Q362100,P166,Q10905380
Q362100,P102,Q49762
Q362100,P39,Q1939555
Q362100,P39,Q30185
Q362100,P106,Q82955
Q362100,P735,Q18145837
Q3447616,P131,Q90
Q3447616,P131,Q187153
Q3447616,P131,Q3413285
Q3447616,P31,Q79007
Q3447616,P47,Q2873824
Q3447616,P47,Q2921920
Q3447616,P47,Q3367869
Q3447616,P47,Q3447255
Q3447616,P47,Q3452579
Q3447616,P47,Q3452688
Q3447616,P47,Q3558823
Q3447616,P17,Q142
Q16467656,P31,Q5
Q16467656,P21,Q6581097
Q16467656,P27,Q142
Q16467656,P166,Q576434
Q16467656,P19,Q90
Q16467656,P106,Q42973
Q16467656,P20,Q90
Q16467656,P735,Q16868070
Q11146405,P17,Q148
Q11146405,P131,Q14447
Q11146405,P150,Q13706376
Q11146405,P150,Q13706385
Q11146405,P150,Q13706388
Q11146405,P150,Q13706390
Q11146405,P150,Q13706394
Q11146405,P31,Q1500350
Q36105,P21,Q6581097
Q36105,P106,Q33999
Q36105,P106,Q10800557
Q36105,P19,Q1400
Q36105,P20,Q65
Q36105,P27,Q30
Q36105,P31,Q5
Q36105,P1050,Q11081
Q36105,P735,Q2958359
Q36105,P509,Q12192
Q36105,P166,Q145752
Q36105,P607,Q362
Q36105,P102,Q29552
Q1229021,P21,Q6581097
Q1229021,P19,Q82174
Q1229021,P20,Q876227
Q1229021,P27,Q40
Q1229021,P31,Q5
Q1229021,P106,Q1028181
Q2114170,P27,Q31
Q2114170,P31,Q5
Q2114170,P21,Q6581097
Q2114170,P735,Q18020485
Q2114170,P166,Q1521491
Q2114170,P241,Q523553
